acc_ref,beat_no,severity,no_vehicle,no_casualt,a_date,a_day,a_date_day,a_date_mon,a_date_yr,a_time_hr,a_time_min,loc_auth,road1_class,road1_no,road_type,speed_limi,junc_det,junc_ctrl,road2_class,road2_no,light_cond,weather,road_surf,spec_cond,cway_hzrds,ovrtk_patrn,easting,northing,net_id,net_type,acc_type,text_id,division,Postcode,ped_xing_hc,ped_xing_p,place_reported,latitude,longitude,geojson
3013,,Slight,1,1,01/01/2013,Tuesday,1,January,13,3,0,S12000036,A,199,Single carriageway - 2 lanes,30,Crossroads,Automatic Traffic Signal,Unclassified,,Darkness: street lights present and lit,Fine (without high winds),Dry,None,None,No overtaking,327130,676530,519052,Junction,S.V.N.P.,366838,unset,EH66SL,No crossing facility within 50m or physical crossing facility not controlled by authorised person,Pedestrian phase at traffic signal junction,At scene,55.9762650101,-3.16781890831,"{""type"": ""Feature"",""geometry"": {""type"": ""Point"",""coordinates"": -3.16781890831, 55.9762650101}}"
3313,,Slight,1,1,02/01/2013,Wednesday,2,January,13,12,56,S12000036,Unclassified,,Single carriageway - 2 lanes,30,Not at or within 20 metres of junction,unset,\,,Daylight: street lights present,Fine (without high winds),Dry,None,None,No overtaking,322700,672620,559224,Segment,Pedestrian,366839,unset,EH112RB,No crossing facility within 50m or physical crossing facility not controlled by authorised person,No physical crossing facility within 50m,At scene,55.9404458673,-3.23767472885,"{""type"": ""Feature"",""geometry"": {""type"": ""Point"",""coordinates"": -3.23767472885, 55.9404458673}}"
3413,,Slight,2,2,02/01/2013,Wednesday,2,January,13,16,24,S12000036,A,6106,Single carriageway - 2 lanes,30,'T' or staggered junction,Give way sign or markings,Unclassified,,Daylight: street lights present,Fine (without high winds),Dry,None,None,No overtaking,330060,673770,529624,Junction,T.V.N.P.,366840,unset,EH151LU,Control by other authorised person,Pedestrian phase at traffic signal junction,At scene,55.9519047447,-3.1201563213,"{""type"": ""Feature"",""geometry"": {""type"": ""Point"",""coordinates"": -3.1201563213, 55.9519047447}}"
4513,,Slight,3,6,02/01/2013,Wednesday,2,January,13,16,15,S12000036,A,720,Dual carriageway - 2 lanes,70,Slip road,Give way sign or markings,A,720,Daylight: street lights present,Fine (without high winds),Dry,None,None,No overtaking,324500,667810,2588177,Junction,M.V.N.P.,366841,unset,EH107DS,No crossing facility within 50m or physical crossing facility not controlled by authorised person,No physical crossing facility within 50m,At scene,55.897519535,-3.20751746742,"{""type"": ""Feature"",""geometry"": {""type"": ""Point"",""coordinates"": -3.20751746742, 55.897519535}}"
5213,,Slight,3,1,03/01/2013,Thursday,3,January,13,13,45,S12000036,A,7,Single carriageway - 2 lanes,30,Not at or within 20 metres of junction,unset,\,,Daylight: street lights present,Fine (without high winds),Dry,None,None,No overtaking,326210,672840,532699,Junction,M.V.N.P.,366842,unset,EH89EZ,No crossing facility within 50m or physical crossing facility not controlled by authorised person,No physical crossing facility within 50m,At scene,55.9429739203,-3.18154894226,"{""type"": ""Feature"",""geometry"": {""type"": ""Point"",""coordinates"": -3.18154894226, 55.9429739203}}"
6813,,Slight,1,1,04/01/2013,Friday,4,January,13,14,7,S12000036,Unclassified,,Single carriageway - 2 lanes,30,Not at or within 20 metres of junction,unset,\,,Daylight: street lights present,Fine (without high winds),Dry,None,None,No overtaking,312170,672550,12231269,Segment,S.V.N.P.,366843,unset,EH288ST,No crossing facility within 50m or physical crossing facility not controlled by authorised person,No physical crossing facility within 50m,At scene,55.9380086041,-3.40619741813,"{""type"": ""Feature"",""geometry"": {""type"": ""Point"",""coordinates"": -3.40619741813, 55.9380086041}}"
6913,,Slight,2,2,01/01/2013,Tuesday,1,January,13,13,0,S12000036,Unclassified,,Single carriageway - 2 lanes,30,Not at or within 20 metres of junction,unset,\,,Daylight: street lights present,Fine (without high winds),Dry,None,None,No overtaking,326320,676700,0,Unset,T.V.N.P.,366844,unset,EH64BE,No crossing facility within 50m or physical crossing facility not controlled by authorised person,No physical crossing facility within 50m,At scene,55.9776686387,-3.18084346441,"{""type"": ""Feature"",""geometry"": {""type"": ""Point"",""coordinates"": -3.18084346441, 55.9776686387}}"
7113,,Slight,2,4,02/01/2013,Wednesday,2,January,13,17,10,S12000036,A,720,Dual carriageway - 2 lanes,70,Not at or within 20 metres of junction,unset,\,,Darkness: no street lighting,Fine (without high winds),Dry,None,None,No overtaking,322310,668010,570540,Segment,T.V.N.P.,366845,unset,EH139QP,No crossing facility within 50m or physical crossing facility not controlled by authorised person,No physical crossing facility within 50m,At scene,55.8989679192,-3.24259177839,"{""type"": ""Feature"",""geometry"": {""type"": ""Point"",""coordinates"": -3.24259177839, 55.8989679192}}"
8913,,Fatal,2,2,06/01/2013,Sunday,6,January,13,13,25,S12000036,Unclassified,,Roundabout,40,Roundabout,Give way sign or markings,Unclassified,,Daylight: street lights present,Fine (without high winds),Dry,None,None,No overtaking,320130,669370,533242,Junction,T.V.N.P.,366846,unset,EH143AU,No crossing facility within 50m or physical crossing facility not controlled by authorised person,No physical crossing facility within 50m,At scene,55.9108289927,-3.27785128412,"{""type"": ""Feature"",""geometry"": {""type"": ""Point"",""coordinates"": -3.27785128412, 55.9108289927}}"
9213,,Slight,1,1,06/01/2013,Sunday,6,January,13,16,18,S12000036,Unclassified,,Single carriageway - 2 lanes,30,Crossroads,Automatic Traffic Signal,Unclassified,,Darkness: street lights present and lit,Fine (without high winds),Dry,None,None,No overtaking,326730,671830,529477,Junction,Bus,366847,unset,EH91SB,No crossing facility within 50m or physical crossing facility not controlled by authorised person,Pedestrian phase at traffic signal junction,At scene,55.9339796724,-3.17295025419,"{""type"": ""Feature"",""geometry"": {""type"": ""Point"",""coordinates"": -3.17295025419, 55.9339796724}}"
9913,,Slight,1,1,06/01/2013,Sunday,6,January,13,22,18,S12000036,A,90,Dual carriageway - 2 lanes,70,Not at or within 20 metres of junction,unset,\,,Darkness: no street lighting,Fine (without high winds),Dry,None,None,No overtaking,315990,677090,555681,Segment,S.V.N.P.,366848,unset,EH309TQ,No crossing facility within 50m or physical crossing facility not controlled by authorised person,No physical crossing facility within 50m,At scene,55.9794755891,-3.34647220617,"{""type"": ""Feature"",""geometry"": {""type"": ""Point"",""coordinates"": -3.34647220617, 55.9794755891}}"
10813,,Slight,2,1,07/01/2013,Monday,7,January,13,16,50,S12000036,C,,Single carriageway - 2 lanes,30,Other junction,Give way sign or markings,Unclassified,,Darkness: street lights present and lit,Fine (without high winds),Dry,None,None,No overtaking,329490,673240,523611,Junction,Pedestrian,366849,unset,EH151SG,No crossing facility within 50m or physical crossing facility not controlled by authorised person,No physical crossing facility within 50m,Elsewhere,55.9470598831,-3.12914484273,"{""type"": ""Feature"",""geometry"": {""type"": ""Point"",""coordinates"": -3.12914484273, 55.9470598831}}"
11713,,Slight,2,1,07/01/2013,Monday,7,January,13,7,40,S12000036,Motorway,8,Roundabout,50,Roundabout,Automatic Traffic Signal,Unclassified,,Darkness: street lights present and lit,Fine (without high winds),Dry,None,None,No overtaking,318190,670990,6453709,Junction,T.V.N.P.,366850,unset,EH129BU,No crossing facility within 50m or physical crossing facility not controlled by authorised person,No physical crossing facility within 50m,At scene,55.9250564288,-3.30937113015,"{""type"": ""Feature"",""geometry"": {""type"": ""Point"",""coordinates"": -3.30937113015, 55.9250564288}}"
12313,,Slight,1,1,08/01/2013,Tuesday,8,January,13,11,42,S12000036,Unclassified,,Dual carriageway - 2 lanes,30,Not at or within 20 metres of junction,unset,\,,Daylight: street lights present,Fine (without high winds),Dry,None,None,No overtaking,325550,673920,551196,Segment,Pedestrian,366851,unset,EH22DF,No crossing facility within 50m or physical crossing facility not controlled by authorised person,No physical crossing facility within 50m,Elsewhere,55.9525747377,-3.19241266767,"{""type"": ""Feature"",""geometry"": {""type"": ""Point"",""coordinates"": -3.19241266767, 55.9525747377}}"
12513,,Slight,2,1,07/01/2013,Monday,7,January,13,17,50,S12000036,C,,Single carriageway - 2 lanes,30,Crossroads,Give way sign or markings,Unclassified,,Darkness: street lights present and lit,Fine (without high winds),Dry,None,None,No overtaking,325230,674410,520533,Junction,T.V.N.P.,366852,unset,EH36QG,Control by other authorised person,Central refuge - no other controls,At scene,55.9569271368,-3.19767254,"{""type"": ""Feature"",""geometry"": {""type"": ""Point"",""coordinates"": -3.19767254, 55.9569271368}}"
13013,,Serious,1,1,08/01/2013,Tuesday,8,January,13,17,5,S12000036,B,900,Single carriageway - 2 lanes,30,'T' or staggered junction,Give way sign or markings,Unclassified,,Darkness: street lights present and lit,Fine (without high winds),Dry,None,None,No overtaking,325560,675180,519840,Junction,Pedestrian,366853,unset,EH74EX,No crossing facility within 50m or physical crossing facility not controlled by authorised person,Central refuge - no other controls,At scene,55.9638959522,-3.19260057835,"{""type"": ""Feature"",""geometry"": {""type"": ""Point"",""coordinates"": -3.19260057835, 55.9638959522}}"
13913,,Slight,2,1,09/01/2013,Wednesday,9,January,13,11,50,S12000036,A,90,Single carriageway - 2 lanes,30,'T' or staggered junction,Give way sign or markings,Unclassified,,Daylight: street lights present,Fine (without high winds),Dry,None,None,No overtaking,324550,673760,520956,Junction,Cyclist,366854,unset,EH24QS,Control by other authorised person,Pedestrian phase at traffic signal junction,At scene,55.9509813474,-3.2083802,"{""type"": ""Feature"",""geometry"": {""type"": ""Point"",""coordinates"": -3.2083802, 55.9509813474}}"
14013,,Slight,1,1,09/01/2013,Wednesday,9,January,13,10,45,S12000036,Unclassified,,Single carriageway - 2 lanes,30,'T' or staggered junction,Give way sign or markings,Unclassified,,Daylight: street lights present,Fine (without high winds),Dry,None,None,No overtaking,321770,669060,532930,Junction,Bus,366855,unset,EH130LE,Control by other authorised person,Pedestrian phase at traffic signal junction,At scene,55.9083134145,-3.25153009692,"{""type"": ""Feature"",""geometry"": {""type"": ""Point"",""coordinates"": -3.25153009692, 55.9083134145}}"
14513,,Slight,1,1,09/01/2013,Wednesday,9,January,13,12,55,S12000036,Unclassified,,Single carriageway - 2 lanes,30,Not at or within 20 metres of junction,unset,\,,Daylight: street lights present,Fine (without high winds),Dry,None,None,No overtaking,313390,677690,0,Unset,Pedestrian,366856,unset,EH309QL,No crossing facility within 50m or physical crossing facility not controlled by authorised person,No physical crossing facility within 50m,Elsewhere,55.984403411,-3.38832332291,"{""type"": ""Feature"",""geometry"": {""type"": ""Point"",""coordinates"": -3.38832332291, 55.984403411}}"
15213,,Slight,1,1,10/01/2013,Thursday,10,January,13,4,40,S12000036,C,,Single carriageway - 2 lanes,30,Crossroads,Automatic Traffic Signal,Unclassified,,Darkness: street lights present and lit,Fine (without high winds),Dry,None,None,No overtaking,326210,673540,521139,Junction,S.V.N.P.,366857,unset,EH89UE,No crossing facility within 50m or physical crossing facility not controlled by authorised person,Pedestrian phase at traffic signal junction,At scene,55.9492626601,-3.18174045954,"{""type"": ""Feature"",""geometry"": {""type"": ""Point"",""coordinates"": -3.18174045954, 55.9492626601}}"
16513,,Slight,1,1,10/01/2013,Thursday,10,January,13,19,20,S12000036,A,8,Dual carriageway - 2 lanes,30,Not at or within 20 metres of junction,unset,\,,Darkness: street lights present and lit,Raining (without high winds),Dry,None,Other object in carriageway,No overtaking,325230,673830,551202,Segment,Cyclist,366858,unset,EH22ER,No crossing facility within 50m or physical crossing facility not controlled by authorised person,No physical crossing facility within 50m,At scene,55.9517165038,-3.19751166337,"{""type"": ""Feature"",""geometry"": {""type"": ""Point"",""coordinates"": -3.19751166337, 55.9517165038}}"
16613,,Slight,2,1,10/01/2013,Thursday,10,January,13,16,40,S12000036,Unclassified,,Single carriageway - 2 lanes,30,Crossroads,Give way sign or markings,C,,Darkness: street lights present and lit,Raining (without high winds),Dry,None,None,No overtaking,322510,670420,529984,Junction,Cyclist,366859,unset,EH141HL,No crossing facility within 50m or physical crossing facility not controlled by authorised person,No physical crossing facility within 50m,At scene,55.9206510459,-3.24008461135,"{""type"": ""Feature"",""geometry"": {""type"": ""Point"",""coordinates"": -3.24008461135, 55.9206510459}}"
16913,,Slight,2,1,10/01/2013,Thursday,10,January,13,17,0,S12000036,Unclassified,,Single carriageway - 2 lanes,30,Not at or within 20 metres of junction,unset,\,,Darkness: street lights present and lit,Raining (without high winds),Dry,None,None,No overtaking,324420,670920,12227625,Segment,Cyclist,366860,unset,EH105JB,No crossing facility within 50m or physical crossing facility not controlled by authorised person,No physical crossing facility within 50m,Elsewhere,55.9254468338,-3.20966624994,"{""type"": ""Feature"",""geometry"": {""type"": ""Point"",""coordinates"": -3.20966624994, 55.9254468338}}"
17813,,Slight,4,1,11/01/2013,Friday,11,January,13,12,10,S12000036,C,,Single carriageway - 2 lanes,30,Not at or within 20 metres of junction,unset,\,,Daylight: street lights present,Fine (without high winds),Dry,None,None,No overtaking,320410,671890,564472,Segment,M.V.N.P.,366861,unset,EH127DT,Control by school crossing patrol,Pedestrian phase at traffic signal junction,At scene,55.933514151,-3.27411529514,"{""type"": ""Feature"",""geometry"": {""type"": ""Point"",""coordinates"": -3.27411529514, 55.933514151}}"
18513,,Slight,1,1,11/01/2013,Friday,11,January,13,22,30,S12000036,Unclassified,,Single carriageway - 2 lanes,30,Roundabout,Give way sign or markings,Unclassified,,Darkness: street lights present and lit,Fine (without high winds),Dry,None,None,No overtaking,321410,671750,522168,Junction,Pedestrian,366862,unset,EH113JT,No crossing facility within 50m or physical crossing facility not controlled by authorised person,Zebra crossing,At scene,55.9324209141,-3.25807041698,"{""type"": ""Feature"",""geometry"": {""type"": ""Point"",""coordinates"": -3.25807041698, 55.9324209141}}"
18613,,Serious,1,1,11/01/2013,Friday,11,January,13,23,42,S12000036,A,701,Single carriageway - 2 lanes,30,Crossroads,Give way sign or markings,Unclassified,,Daylight: street lights present,Fine (without high winds),Dry,None,None,No overtaking,327010,671330,529606,Junction,Pedestrian,366863,unset,EH165PE,Control by other authorised person,Pedestrian phase at traffic signal junction,At scene,55.9295302679,-3.16833370366,"{""type"": ""Feature"",""geometry"": {""type"": ""Point"",""coordinates"": -3.16833370366, 55.9295302679}}"
18813,,Slight,2,2,12/01/2013,Saturday,12,January,13,19,50,S12000036,A,702,Single carriageway - 2 lanes,30,Crossroads,Automatic Traffic Signal,C,,Daylight: street lights present,Fine (without high winds),Dry,None,None,No overtaking,324930,672740,533329,Junction,T.V.N.P.,366864,unset,EH39LH,Control by other authorised person,Pedestrian phase at traffic signal junction,Elsewhere,55.9418773378,-3.20201185224,"{""type"": ""Feature"",""geometry"": {""type"": ""Point"",""coordinates"": -3.20201185224, 55.9418773378}}"
21313,,Slight,1,1,13/01/2013,Sunday,13,January,13,12,18,S12000036,Unclassified,,Single carriageway - 2 lanes,30,Not at or within 20 metres of junction,unset,\,,Daylight: street lights present,Fine (without high winds),Dry,None,None,No overtaking,328580,674980,557524,Segment,Pedestrian,366865,unset,EH76EW,No crossing facility within 50m or physical crossing facility not controlled by authorised person,No physical crossing facility within 50m,At scene,55.9625577132,-3.14417532871,"{""type"": ""Feature"",""geometry"": {""type"": ""Point"",""coordinates"": -3.14417532871, 55.9625577132}}"
22413,,Serious,2,1,14/01/2013,Monday,14,January,13,16,40,S12000036,Unclassified,,Single carriageway - 2 lanes,30,'T' or staggered junction,Give way sign or markings,Unclassified,,Daylight: street lights present,Fine (without high winds),Dry,None,None,No overtaking,325050,675240,519837,Junction,T.V.N.P.,366866,unset,EH35NS,Control by other authorised person,Pedestrian phase at traffic signal junction,At scene,55.9643556692,-3.20078595137,"{""type"": ""Feature"",""geometry"": {""type"": ""Point"",""coordinates"": -3.20078595137, 55.9643556692}}"
22813,,Slight,2,1,15/01/2013,Tuesday,15,January,13,7,45,S12000036,Unclassified,,Single carriageway - 2 lanes,30,'T' or staggered junction,Give way sign or markings,Unclassified,,Daylight: street lights present,Fine (without high winds),Dry,None,None,No overtaking,329090,673840,523542,Junction,Cyclist,366867,unset,EH87SA,Control by other authorised person,Pedestrian phase at traffic signal junction,Elsewhere,55.9523914656,-3.13570680571,"{""type"": ""Feature"",""geometry"": {""type"": ""Point"",""coordinates"": -3.13570680571, 55.9523914656}}"
23313,,Slight,5,1,14/01/2013,Monday,14,January,13,9,50,S12000036,A,8,Roundabout,70,Roundabout,Automatic Traffic Signal,A,8,Daylight: street lights present,Fine (without high winds),Dry,None,None,No overtaking,312560,672720,517579,Junction,M.V.N.P.,366868,unset,EH288SY,Control by other authorised person,Pedestrian phase at traffic signal junction,At scene,55.939606828,-3.40001053405,"{""type"": ""Feature"",""geometry"": {""type"": ""Point"",""coordinates"": -3.40001053405, 55.939606828}}"
23413,,Slight,2,1,15/01/2013,Tuesday,15,January,13,10,30,S12000036,Unclassified,,Single carriageway - 2 lanes,30,Crossroads,Give way sign or markings,Unclassified,,Daylight: street lights present,Fine (without high winds),Dry,None,None,No overtaking,324590,676740,0,Unset,Cyclist,366869,unset,EH53JW,No crossing facility within 50m or physical crossing facility not controlled by authorised person,No physical crossing facility within 50m,Elsewhere,55.9777593521,-3.2085739131,"{""type"": ""Feature"",""geometry"": {""type"": ""Point"",""coordinates"": -3.2085739131, 55.9777593521}}"
23613,,Serious,1,4,13/01/2013,Sunday,13,January,13,1,54,S12000036,A,702,Single carriageway - 2 lanes,30,'T' or staggered junction,Give way sign or markings,Unclassified,,Darkness: street lights present and lit,Fine (without high winds),Dry,None,None,No overtaking,324510,672040,522024,Junction,S.V.N.P.,366870,unset,EH104DG,No crossing facility within 50m or physical crossing facility not controlled by authorised person,No physical crossing facility within 50m,At scene,55.9355228786,-3.20853932691,"{""type"": ""Feature"",""geometry"": {""type"": ""Point"",""coordinates"": -3.20853932691, 55.9355228786}}"
25113,,Slight,2,1,15/01/2013,Tuesday,15,January,13,15,35,S12000036,Unclassified,,Single carriageway - 2 lanes,30,'T' or staggered junction,Give way sign or markings,Unclassified,,Daylight: street lights present,Other,Dry,None,None,No overtaking,322660,671480,529573,Junction,T.V.N.P.,366871,unset,EH141PX,No crossing facility within 50m or physical crossing facility not controlled by authorised person,Central refuge - no other controls,At scene,55.9301979671,-3.23798833331,"{""type"": ""Feature"",""geometry"": {""type"": ""Point"",""coordinates"": -3.23798833331, 55.9301979671}}"
25713,,Slight,2,1,16/01/2013,Wednesday,16,January,13,17,20,S12000036,A,700,Single carriageway - 2 lanes,30,Not at or within 20 metres of junction,unset,\,,Darkness: street lights present and lit,Fine (without high winds),Dry,None,None,No overtaking,324980,672920,559610,Segment,Cyclist,366872,unset,EH39JH,No crossing facility within 50m or physical crossing facility not controlled by authorised person,"Pelican, puffin, toucan or similar non-junction pedestrian light crossing",At scene,55.9435022375,-3.20126151344,"{""type"": ""Feature"",""geometry"": {""type"": ""Point"",""coordinates"": -3.20126151344, 55.9435022375}}"
25813,,Slight,2,1,16/01/2013,Wednesday,16,January,13,17,30,S12000036,Motorway,8,Dual carriageway - 2 lanes,70,Not at or within 20 metres of junction,unset,\,,Darkness: no street lighting,Fine with high winds,Dry,None,None,No overtaking,315060,671620,6452114,Segment,T.V.N.P.,366873,unset,EH288NW,No crossing facility within 50m or physical crossing facility not controlled by authorised person,No physical crossing facility within 50m,At scene,55.9301733955,-3.35964946805,"{""type"": ""Feature"",""geometry"": {""type"": ""Point"",""coordinates"": -3.35964946805, 55.9301733955}}"
25913,,Slight,1,1,16/01/2013,Wednesday,16,January,13,21,5,S12000036,Unclassified,,One way Street,30,Other junction,Give way sign or markings,Unclassified,,Darkness: street lights present and lit,Other,Dry,None,None,No overtaking,325550,674010,520554,Junction,Pedestrian,366874,unset,EH22DF,No crossing facility within 50m or physical crossing facility not controlled by authorised person,Central refuge - no other controls,At scene,55.9533832859,-3.19243752234,"{""type"": ""Feature"",""geometry"": {""type"": ""Point"",""coordinates"": -3.19243752234, 55.9533832859}}"
26913,,Slight,4,3,17/01/2013,Thursday,17,January,13,7,30,S12000036,A,720,Dual carriageway - 2 lanes,70,Not at or within 20 metres of junction,unset,\,,Daylight: street lights present,Fine (without high winds),Dry,None,None,No overtaking,320440,668630,570540,Segment,M.V.N.P.,366875,unset,EH146BA,No crossing facility within 50m or physical crossing facility not controlled by authorised person,No physical crossing facility within 50m,At scene,55.9042324286,-3.27267517086,"{""type"": ""Feature"",""geometry"": {""type"": ""Point"",""coordinates"": -3.27267517086, 55.9042324286}}"
27013,,Slight,1,1,17/01/2013,Thursday,17,January,13,14,29,S12000036,A,900,Dual carriageway - 2 lanes,30,Not at or within 20 metres of junction,unset,\,,Daylight: street lights present,Fine (without high winds),Dry,None,None,No overtaking,325990,674260,12285707,Segment,Bus,366876,unset,EH13SJ,No crossing facility within 50m or physical crossing facility not controlled by authorised person,"Pelican, puffin, toucan or similar non-junction pedestrian light crossing",At scene,55.9556972323,-3.18546054973,"{""type"": ""Feature"",""geometry"": {""type"": ""Point"",""coordinates"": -3.18546054973, 55.9556972323}}"
27413,,Slight,1,1,16/01/2013,Wednesday,16,January,13,17,30,S12000036,A,8,Single carriageway - 2 lanes,30,Not at or within 20 metres of junction,unset,\,,Darkness: street lights present and lit,Fine (without high winds),Dry,None,None,No overtaking,322020,673140,550556,Segment,Bus,366877,unset,EH126HS,No crossing facility within 50m or physical crossing facility not controlled by authorised person,Pedestrian phase at traffic signal junction,At scene,55.9450075667,-3.24870984403,"{""type"": ""Feature"",""geometry"": {""type"": ""Point"",""coordinates"": -3.24870984403, 55.9450075667}}"
27613,,Slight,3,1,17/01/2013,Thursday,17,January,13,7,0,S12000036,A,90,Dual carriageway - 2 lanes,50,Not at or within 20 metres of junction,unset,\,,Darkness: no street lighting,Fine (without high winds),Dry,None,None,No overtaking,314380,677140,555681,Segment,M.V.N.P.,366878,unset,EH309TZ,No crossing facility within 50m or physical crossing facility not controlled by authorised person,No physical crossing facility within 50m,At scene,55.9796402868,-3.37228417624,"{""type"": ""Feature"",""geometry"": {""type"": ""Point"",""coordinates"": -3.37228417624, 55.9796402868}}"
27713,,Slight,2,1,17/01/2013,Thursday,17,January,13,14,25,S12000036,Unclassified,,Single carriageway - 2 lanes,30,Roundabout,Give way sign or markings,Unclassified,,Daylight: street lights present,Fine (without high winds),Dry,None,None,No overtaking,326180,674490,520236,Junction,T.V.N.P.,366879,unset,EH75JH,No crossing facility within 50m or physical crossing facility not controlled by authorised person,Central refuge - no other controls,At scene,55.9577927587,-3.18248093594,"{""type"": ""Feature"",""geometry"": {""type"": ""Point"",""coordinates"": -3.18248093594, 55.9577927587}}"
27813,,Slight,1,1,17/01/2013,Thursday,17,January,13,19,50,S12000036,A,701,Dual carriageway - 2 lanes,40,Not at or within 20 metres of junction,unset,\,,Darkness: street lights present and lit,Fine (without high winds),Dry,None,None,No overtaking,327460,667520,570784,Segment,Pedestrian,366880,unset,EH178BE,No crossing facility within 50m or physical crossing facility not controlled by authorised person,"Pelican, puffin, toucan or similar non-junction pedestrian light crossing",At scene,55.895369197,-3.16010976325,"{""type"": ""Feature"",""geometry"": {""type"": ""Point"",""coordinates"": -3.16010976325, 55.895369197}}"
27913,,Slight,2,1,10/01/2013,Thursday,10,January,13,9,3,S12000036,Unclassified,,Single carriageway - 2 lanes,30,Crossroads,Stop sign,Unclassified,,Daylight: street lights present,Fine (without high winds),Dry,None,None,No overtaking,325560,671710,0,Unset,Cyclist,366881,unset,EH92DP,No crossing facility within 50m or physical crossing facility not controlled by authorised person,No physical crossing facility within 50m,At scene,55.9327218996,-3.19164270458,"{""type"": ""Feature"",""geometry"": {""type"": ""Point"",""coordinates"": -3.19164270458, 55.9327218996}}"
28713,,Slight,1,1,17/01/2013,Thursday,17,January,13,18,30,S12000036,B,900,Single carriageway - 2 lanes,30,Not at or within 20 metres of junction,unset,\,,Darkness: street lights present and lit,Fine (without high winds),Dry,None,None,No overtaking,322620,674390,520425,Junction,Bus,366882,unset,EH42EE,No crossing facility within 50m or physical crossing facility not controlled by authorised person,No physical crossing facility within 50m,Elsewhere,55.9563341812,-3.23946319357,"{""type"": ""Feature"",""geometry"": {""type"": ""Point"",""coordinates"": -3.23946319357, 55.9563341812}}"
28913,,Slight,3,1,18/01/2013,Friday,18,January,13,12,30,S12000036,C,,Single carriageway - 2 lanes,30,'T' or staggered junction,Give way sign or markings,Unclassified,,Daylight: street lights present,Fine (without high winds),Dry,None,None,No overtaking,326930,674570,520269,Junction,M.V.N.P.,366883,unset,EH75EP,No crossing facility within 50m or physical crossing facility not controlled by authorised person,No physical crossing facility within 50m,Elsewhere,55.9586261319,-3.17049163406,"{""type"": ""Feature"",""geometry"": {""type"": ""Point"",""coordinates"": -3.17049163406, 55.9586261319}}"
29213,,Slight,1,1,18/01/2013,Friday,18,January,13,16,55,S12000036,A,8,Single carriageway - 2 lanes,30,Not at or within 20 metres of junction,unset,\,,Darkness: street lights present and lit,Fine (without high winds),Dry,None,None,No overtaking,319380,672950,550737,Segment,Pedestrian,366884,unset,EH128SQ,No crossing facility within 50m or physical crossing facility not controlled by authorised person,"Pelican, puffin, toucan or similar non-junction pedestrian light crossing",At scene,55.9428651356,-3.29091605224,"{""type"": ""Feature"",""geometry"": {""type"": ""Point"",""coordinates"": -3.29091605224, 55.9428651356}}"
30113,,Slight,2,1,17/01/2013,Thursday,17,January,13,16,5,S12000036,A,700,Single carriageway - 2 lanes,30,'T' or staggered junction,Give way sign or markings,Unclassified,,Darkness: street lights present and lit,Fine (without high winds),Dry,None,None,No overtaking,325050,672850,521856,Junction,Cyclist,366885,unset,EH39JU,No crossing facility within 50m or physical crossing facility not controlled by authorised person,"Pelican, puffin, toucan or similar non-junction pedestrian light crossing",Elsewhere,55.9428842874,-3.20012146242,"{""type"": ""Feature"",""geometry"": {""type"": ""Point"",""coordinates"": -3.20012146242, 55.9428842874}}"
30713,,Slight,1,2,17/01/2013,Thursday,17,January,13,18,0,S12000036,Unclassified,,Single carriageway - 2 lanes,30,'T' or staggered junction,Give way sign or markings,Unclassified,,Darkness: street lights present and lit,Other,Dry,None,None,No overtaking,319600,669120,12226421,Junction,Pedestrian,366886,unset,EH143DY,No crossing facility within 50m or physical crossing facility not controlled by authorised person,No physical crossing facility within 50m,At scene,55.9084948395,-3.28625407996,"{""type"": ""Feature"",""geometry"": {""type"": ""Point"",""coordinates"": -3.28625407996, 55.9084948395}}"
30913,,Slight,1,1,19/01/2013,Saturday,19,January,13,16,45,S12000036,Unclassified,,Single carriageway - 2 lanes,30,Crossroads,Automatic Traffic Signal,C,,Darkness: street lights present and lit,Raining (without high winds),Dry,None,None,No overtaking,325260,674300,520530,Junction,Pedestrian,366887,unset,EH21JX,No crossing facility within 50m or physical crossing facility not controlled by authorised person,Pedestrian phase at traffic signal junction,At scene,55.9559435815,-3.1971616124,"{""type"": ""Feature"",""geometry"": {""type"": ""Point"",""coordinates"": -3.1971616124, 55.9559435815}}"
31813,,Serious,2,2,20/01/2013,Sunday,20,January,13,20,20,S12000036,A,8,Single carriageway - 2 lanes,30,'T' or staggered junction,Give way sign or markings,Unclassified,,Daylight: street lights present,Fine (without high winds),Dry,None,None,No overtaking,322420,673180,521250,Junction,T.V.N.P.,366888,unset,EH126HP,Control by other authorised person,Pedestrian phase at traffic signal junction,At scene,55.9454316445,-3.24231776439,"{""type"": ""Feature"",""geometry"": {""type"": ""Point"",""coordinates"": -3.24231776439, 55.9454316445}}"