acc_ref,beat_no,severity,no_vehicle,no_casualt,a_date,a_day,a_date_day,a_date_mon,a_date_yr,a_time_hr,a_time_min,loc_auth,road1_class,road1_no,road_type,speed_limi,junc_det,junc_ctrl,road2_class,road2_no,light_cond,weather,road_surf,spec_cond,cway_hzrds,ovrtk_patrn,easting,northing,net_id,net_type,acc_type,text_id,division,Postcode,ped_xing_hc,ped_xing_p,place_reported,latitude,longitude,geojson
32013,,Slight,2,1,20/01/2013,Sunday,20,January,13,14,37,S12000036,A,8,Roundabout,40,Roundabout,Automatic Traffic Signal,A,8,Daylight: street lights present,Fine (without high winds),Dry,None,None,No overtaking,317560,672610,9658421,Junction,T.V.N.P.,366889,unset,EH129BS,No crossing facility within 50m or physical crossing facility not controlled by authorised person,No physical crossing facility within 50m,At scene,55.939502074,-3.31994604303,"{""type"": ""Feature"",""geometry"": {""type"": ""Point"",""coordinates"": -3.31994604303, 55.939502074}}"
34113,,Slight,1,2,14/01/2013,Monday,14,January,13,4,30,S12000036,A,7,Single carriageway - 2 lanes,30,Not at or within 20 metres of junction,unset,\,,Darkness: street lights present and lit,Fine (without high winds),Dry,None,None,No overtaking,329800,669440,568027,Segment,S.V.N.P.,366890,unset,EH164SP,No crossing facility within 50m or physical crossing facility not controlled by authorised person,No physical crossing facility within 50m,At scene,55.9129656051,-3.12319350835,"{""type"": ""Feature"",""geometry"": {""type"": ""Point"",""coordinates"": -3.12319350835, 55.9129656051}}"
34713,,Slight,2,2,21/01/2013,Monday,21,January,13,7,55,S12000036,A,90,Single carriageway - 2 lanes,40,'T' or staggered junction,Automatic Traffic Signal,Unclassified,,Daylight: street lights present,Snowing (without high winds),Dry,None,None,No overtaking,318870,674920,519933,Junction,T.V.N.P.,366891,unset,EH48AR,No crossing facility within 50m or physical crossing facility not controlled by authorised person,Pedestrian phase at traffic signal junction,At scene,55.9604768361,-3.29967279931,"{""type"": ""Feature"",""geometry"": {""type"": ""Point"",""coordinates"": -3.29967279931, 55.9604768361}}"
37413,,Slight,1,1,21/01/2013,Monday,21,January,13,17,0,S12000036,Unclassified,,Single carriageway - 2 lanes,30,Not at or within 20 metres of junction,unset,\,,Darkness: street lights present and lit,Snowing (without high winds),Dry,None,None,No overtaking,316230,666420,0,Unset,S.V.N.P.,366892,unset,EH147EB,No crossing facility within 50m or physical crossing facility not controlled by authorised person,No physical crossing facility within 50m,At scene,55.8836648137,-3.33931577504,"{""type"": ""Feature"",""geometry"": {""type"": ""Point"",""coordinates"": -3.33931577504, 55.8836648137}}"
37613,,Slight,2,1,21/01/2013,Monday,21,January,13,17,50,S12000036,B,701,Single carriageway - 2 lanes,30,'T' or staggered junction,Give way sign or markings,Unclassified,,Darkness: street lights present and lit,Snowing (without high winds),Dry,None,None,No overtaking,325180,668020,533143,Junction,T.V.N.P.,366893,unset,EH107AH,No crossing facility within 50m or physical crossing facility not controlled by authorised person,No physical crossing facility within 50m,At scene,55.8995123062,-3.19670257404,"{""type"": ""Feature"",""geometry"": {""type"": ""Point"",""coordinates"": -3.19670257404, 55.8995123062}}"
38713,,Slight,1,1,22/01/2013,Tuesday,22,January,13,17,10,S12000036,Unclassified,,Single carriageway - 2 lanes,30,Not at or within 20 metres of junction,unset,\,,Daylight: street lights present,Snowing (without high winds),Dry,None,None,No overtaking,323820,670840,12227575,Segment,Pedestrian,366894,unset,EH105LS,No crossing facility within 50m or physical crossing facility not controlled by authorised person,No physical crossing facility within 50m,At scene,55.9246334753,-3.21924431452,"{""type"": ""Feature"",""geometry"": {""type"": ""Point"",""coordinates"": -3.21924431452, 55.9246334753}}"
38813,,Slight,1,1,01/01/2013,Tuesday,1,January,13,0,50,S12000036,Unclassified,,Single carriageway - 2 lanes,30,Not at or within 20 metres of junction,unset,\,,Daylight: street lights present,Fine (without high winds),Dry,None,None,No overtaking,323740,668430,2105951,Segment,Pedestrian,366895,unset,EH107AZ,No crossing facility within 50m or physical crossing facility not controlled by authorised person,No physical crossing facility within 50m,At scene,55.9029697573,-3.21984432775,"{""type"": ""Feature"",""geometry"": {""type"": ""Point"",""coordinates"": -3.21984432775, 55.9029697573}}"
39713,,Slight,2,1,11/01/2013,Friday,11,January,13,23,25,S12000036,A,8,Dual carriageway - 2 lanes,40,'T' or staggered junction,Automatic Traffic Signal,A,902,Daylight: street lights present,Fine (without high winds),Dry,None,None,No overtaking,318060,672740,12201733,Junction,T.V.N.P.,366896,unset,EH128LS,Control by other authorised person,Pedestrian phase at traffic signal junction,At scene,55.9407554072,-3.31198239583,"{""type"": ""Feature"",""geometry"": {""type"": ""Point"",""coordinates"": -3.31198239583, 55.9407554072}}"
40713,,Slight,2,1,22/01/2013,Tuesday,22,January,13,18,10,S12000036,B,900,Single carriageway - 2 lanes,30,'T' or staggered junction,Give way sign or markings,Unclassified,,Darkness: street lights present and lit,Raining (without high winds),Dry,None,None,No overtaking,322780,674410,520428,Junction,Cyclist,366897,unset,EH42EH,No crossing facility within 50m or physical crossing facility not controlled by authorised person,No physical crossing facility within 50m,Elsewhere,55.9565395983,-3.23690673593,"{""type"": ""Feature"",""geometry"": {""type"": ""Point"",""coordinates"": -3.23690673593, 55.9565395983}}"
42213,,Slight,1,1,24/01/2013,Thursday,24,January,13,8,25,S12000036,Unclassified,,Single carriageway - 2 lanes,30,'T' or staggered junction,Give way sign or markings,Unclassified,,Daylight: street lights present,Fine (without high winds),Dry,None,None,No overtaking,316050,666440,12218869,Junction,Pedestrian,366898,unset,EH147LY,No crossing facility within 50m or physical crossing facility not controlled by authorised person,No physical crossing facility within 50m,Elsewhere,55.8838131498,-3.34219893136,"{""type"": ""Feature"",""geometry"": {""type"": ""Point"",""coordinates"": -3.34219893136, 55.8838131498}}"
42413,,Slight,1,1,24/01/2013,Thursday,24,January,13,9,45,S12000036,B,701,Single carriageway - 2 lanes,30,Not at or within 20 metres of junction,unset,\,,Daylight: street lights present,Fine (without high winds),Dry,None,None,No overtaking,328930,668430,2105936,Segment,Bus,366899,unset,EH178PR,No crossing facility within 50m or physical crossing facility not controlled by authorised person,No physical crossing facility within 50m,At scene,55.9037639518,-3.136844854,"{""type"": ""Feature"",""geometry"": {""type"": ""Point"",""coordinates"": -3.136844854, 55.9037639518}}"
42613,,Slight,1,1,24/01/2013,Thursday,24,January,13,3,20,S12000036,A,900,Dual carriageway - 2 lanes,30,Not at or within 20 metres of junction,unset,\,,Darkness: street lights present but unlit,Fine (without high winds),Dry,None,None,No overtaking,325880,674050,558533,Segment,Pedestrian,366900,unset,EH13SJ,No crossing facility within 50m or physical crossing facility not controlled by authorised person,Pedestrian phase at traffic signal junction,At scene,55.9537936596,-3.18716431396,"{""type"": ""Feature"",""geometry"": {""type"": ""Point"",""coordinates"": -3.18716431396, 55.9537936596}}"
42713,,Slight,2,1,25/01/2013,Friday,25,January,13,7,0,S12000036,B,701,Single carriageway - 2 lanes,30,'T' or staggered junction,Give way sign or markings,Unclassified,,Darkness: street lights present and lit,Fine (without high winds),Dry,None,None,No overtaking,322120,668880,533038,Junction,Cyclist,366901,unset,EH130AA,No crossing facility within 50m or physical crossing facility not controlled by authorised person,Central refuge - no other controls,At scene,55.9067530987,-3.24588040936,"{""type"": ""Feature"",""geometry"": {""type"": ""Point"",""coordinates"": -3.24588040936, 55.9067530987}}"
43413,,Slight,3,2,25/01/2013,Friday,25,January,13,13,30,S12000036,A,71,Dual carriageway - 2 lanes,40,Not at or within 20 metres of junction,unset,\,,Daylight: street lights present,Other,Dry,None,None,No overtaking,319270,670630,560501,Segment,M.V.N.P.,366902,unset,EH114HD,No crossing facility within 50m or physical crossing facility not controlled by authorised person,No physical crossing facility within 50m,At scene,55.9220048169,-3.2919830743,"{""type"": ""Feature"",""geometry"": {""type"": ""Point"",""coordinates"": -3.2919830743, 55.9220048169}}"
43613,,Slight,2,1,25/01/2013,Friday,25,January,13,14,47,S12000036,A,702,Single carriageway - 2 lanes,30,'T' or staggered junction,Give way sign or markings,Unclassified,,Daylight: street lights present,Snowing with high winds,Dry,None,None,No overtaking,324920,672620,533323,Junction,Cyclist,366903,unset,EH104HW,No crossing facility within 50m or physical crossing facility not controlled by authorised person,No physical crossing facility within 50m,At scene,55.9407977135,-3.20213853608,"{""type"": ""Feature"",""geometry"": {""type"": ""Point"",""coordinates"": -3.20213853608, 55.9407977135}}"
43813,,Slight,2,7,25/01/2013,Friday,25,January,13,16,25,S12000036,Unclassified,,Single carriageway - 2 lanes,30,Not at or within 20 metres of junction,unset,\,,Daylight: street lights present,Raining (without high winds),Dry,None,None,No overtaking,320900,670890,565148,Segment,Bus,366904,unset,EH114SR,No crossing facility within 50m or physical crossing facility not controlled by authorised person,No physical crossing facility within 50m,At scene,55.9246113491,-3.26598033199,"{""type"": ""Feature"",""geometry"": {""type"": ""Point"",""coordinates"": -3.26598033199, 55.9246113491}}"
44713,,Slight,2,1,25/01/2013,Friday,25,January,13,19,59,S12000036,B,900,Single carriageway - 2 lanes,30,'T' or staggered junction,Give way sign or markings,Unclassified,,Darkness: street lights present and lit,Other,Dry,None,None,No overtaking,325820,675350,519846,Junction,T.V.N.P.,366905,unset,EH74QH,No crossing facility within 50m or physical crossing facility not controlled by authorised person,"Pelican, puffin, toucan or similar non-junction pedestrian light crossing",At scene,55.9654634348,-3.18848294959,"{""type"": ""Feature"",""geometry"": {""type"": ""Point"",""coordinates"": -3.18848294959, 55.9654634348}}"
44813,,Slight,1,1,26/01/2013,Saturday,26,January,13,1,20,S12000036,C,,Single carriageway - 2 lanes,30,Crossroads,Automatic Traffic Signal,A,702,Darkness: street lights present and lit,Raining with high winds,Dry,None,None,No overtaking,324930,672760,533329,Junction,Pedestrian,366906,unset,EH39NA,No crossing facility within 50m or physical crossing facility not controlled by authorised person,Pedestrian phase at traffic signal junction,At scene,55.9420570148,-3.20201741761,"{""type"": ""Feature"",""geometry"": {""type"": ""Point"",""coordinates"": -3.20201741761, 55.9420570148}}"
44913,,Slight,2,1,26/01/2013,Saturday,26,January,13,3,5,S12000036,Unclassified,,Dual carriageway - 2 lanes,30,Crossroads,Automatic Traffic Signal,Unclassified,,Darkness: street lights present and lit,Fine (without high winds),Dry,None,None,No overtaking,324600,673390,10254960,Junction,T.V.N.P.,366907,unset,EH12DA,No crossing facility within 50m or physical crossing facility not controlled by authorised person,"Pelican, puffin, toucan or similar non-junction pedestrian light crossing",Elsewhere,55.9476651802,-3.20747615789,"{""type"": ""Feature"",""geometry"": {""type"": ""Point"",""coordinates"": -3.20747615789, 55.9476651802}}"
46713,,Fatal,1,1,26/01/2013,Saturday,26,January,13,3,10,S12000036,C,,Single carriageway - 2 lanes,30,Crossroads,Give way sign or markings,Unclassified,,Darkness: street lights present and lit,Fine (without high winds),Dry,None,None,No overtaking,325460,672320,522051,Junction,Pedestrian,366908,unset,EH91HX,No crossing facility within 50m or physical crossing facility not controlled by authorised person,Zebra crossing,At scene,55.9381865828,-3.19341159999,"{""type"": ""Feature"",""geometry"": {""type"": ""Point"",""coordinates"": -3.19341159999, 55.9381865828}}"
46913,,Slight,1,1,27/01/2013,Sunday,27,January,13,2,45,S12000036,B,1350,Single carriageway - 2 lanes,30,Not at or within 20 metres of junction,unset,\,,Darkness: street lights present and lit,Raining (without high winds),Dry,None,None,No overtaking,326220,674510,557671,Segment,Pedestrian,366909,unset,EH75JW,No crossing facility within 50m or physical crossing facility not controlled by authorised person,"Pelican, puffin, toucan or similar non-junction pedestrian light crossing",At scene,55.9579785813,-3.18184582713,"{""type"": ""Feature"",""geometry"": {""type"": ""Point"",""coordinates"": -3.18184582713, 55.9579785813}}"
47413,,Slight,1,1,26/01/2013,Saturday,26,January,13,14,0,S12000036,Unclassified,,Single carriageway - 2 lanes,30,'T' or staggered junction,Give way sign or markings,Unclassified,,Daylight: street lights present,Fine (without high winds),Dry,None,None,No overtaking,325690,674520,0,Unset,Pedestrian,366910,unset,EH36NY,No crossing facility within 50m or physical crossing facility not controlled by authorised person,No physical crossing facility within 50m,At scene,55.9579867324,-3.19033634241,"{""type"": ""Feature"",""geometry"": {""type"": ""Point"",""coordinates"": -3.19033634241, 55.9579867324}}"
47713,,Slight,1,1,23/01/2013,Wednesday,23,January,13,21,20,S12000036,Unclassified,,Single carriageway - 2 lanes,30,Other junction,Give way sign or markings,Unclassified,,Darkness: street lights present and lit,Fine (without high winds),Dry,None,None,No overtaking,319790,673560,12232330,Junction,Pedestrian,366911,unset,EH128QU,No crossing facility within 50m or physical crossing facility not controlled by authorised person,No physical crossing facility within 50m,At scene,55.9484137013,-3.28453425391,"{""type"": ""Feature"",""geometry"": {""type"": ""Point"",""coordinates"": -3.28453425391, 55.9484137013}}"
48313,,Slight,1,1,27/01/2013,Sunday,27,January,13,13,15,S12000036,Unclassified,,Single carriageway - 2 lanes,30,Crossroads,Give way sign or markings,Unclassified,,Daylight: street lights present,Fine (without high winds),Dry,None,None,No overtaking,326620,672030,522105,Junction,Bus,366912,unset,EH91SZ,No crossing facility within 50m or physical crossing facility not controlled by authorised person,"Pelican, puffin, toucan or similar non-junction pedestrian light crossing",At scene,55.9357596889,-3.17476516093,"{""type"": ""Feature"",""geometry"": {""type"": ""Point"",""coordinates"": -3.17476516093, 55.9357596889}}"
48513,,Serious,1,1,27/01/2013,Sunday,27,January,13,19,40,S12000036,A,1,Single carriageway - 2 lanes,40,'T' or staggered junction,Give way sign or markings,Unclassified,,Darkness: street lights present and lit,Fine (without high winds),Dry,None,None,No overtaking,331050,672910,523755,Junction,Pedestrian,366913,unset,EH153AA,No crossing facility within 50m or physical crossing facility not controlled by authorised person,Central refuge - no other controls,At scene,55.9443214484,-3.10408396652,"{""type"": ""Feature"",""geometry"": {""type"": ""Point"",""coordinates"": -3.10408396652, 55.9443214484}}"
51313,,Slight,1,1,26/01/2013,Saturday,26,January,13,12,6,S12000036,Unclassified,,Single carriageway - 2 lanes,30,Not at or within 20 metres of junction,unset,\,,Daylight: street lights present,Fine (without high winds),Dry,None,None,No overtaking,319670,671810,551815,Segment,Bus,366914,unset,EH129AD,No crossing facility within 50m or physical crossing facility not controlled by authorised person,\7,Elsewhere,55.9326724127,-3.28593442624,"{""type"": ""Feature"",""geometry"": {""type"": ""Point"",""coordinates"": -3.28593442624, 55.9326724127}}"
51413,,Slight,2,1,29/01/2013,Tuesday,29,January,13,11,25,S12000036,Unclassified,,Single carriageway - 2 lanes,30,Roundabout,Give way sign or markings,Unclassified,,Daylight: street lights present,Fine (without high winds),Dry,None,None,No overtaking,327730,674960,520296,Junction,T.V.N.P.,366915,unset,EH76DE,No crossing facility within 50m or physical crossing facility not controlled by authorised person,Central refuge - no other controls,At scene,55.962250896,-3.15778417551,"{""type"": ""Feature"",""geometry"": {""type"": ""Point"",""coordinates"": -3.15778417551, 55.962250896}}"
51513,,Slight,2,1,17/01/2013,Thursday,17,January,13,11,30,S12000036,A,71,Single carriageway - 2 lanes,30,Not at or within 20 metres of junction,unset,\,,Daylight: street lights present,Fine (without high winds),Dry,None,None,No overtaking,322500,672100,549740,Segment,Bus,366916,unset,EH112RN,No crossing facility within 50m or physical crossing facility not controlled by authorised person,No physical crossing facility within 50m,At scene,55.9357421269,-3.24072680229,"{""type"": ""Feature"",""geometry"": {""type"": ""Point"",""coordinates"": -3.24072680229, 55.9357421269}}"
52013,,Slight,1,2,28/01/2013,Monday,28,January,13,22,45,S12000036,Motorway,8,Dual carriageway - 2 lanes,70,Not at or within 20 metres of junction,unset,\,,Darkness: no street lighting,Raining with high winds,Dry,None,None,No overtaking,311190,671140,562603,Segment,S.V.N.P.,366917,unset,EH288LQ,No crossing facility within 50m or physical crossing facility not controlled by authorised person,No physical crossing facility within 50m,At scene,55.9251624351,-3.42141839574,"{""type"": ""Feature"",""geometry"": {""type"": ""Point"",""coordinates"": -3.42141839574, 55.9251624351}}"
52213,,Slight,2,1,29/01/2013,Tuesday,29,January,13,20,25,S12000036,Unclassified,,Single carriageway - 2 lanes,20,Not at or within 20 metres of junction,unset,\,,Daylight: street lights present,Fine (without high winds),Dry,None,None,No overtaking,325760,673750,569724,Segment,Cyclist,366918,unset,EH11DF,No crossing facility within 50m or physical crossing facility not controlled by authorised person,No physical crossing facility within 50m,At scene,55.9510799692,-3.18900325097,"{""type"": ""Feature"",""geometry"": {""type"": ""Point"",""coordinates"": -3.18900325097, 55.9510799692}}"
52313,,Slight,4,2,28/01/2013,Monday,28,January,13,15,22,S12000036,A,90,Single carriageway - 2 lanes,40,Multiple junction,Automatic Traffic Signal,Unclassified,,Daylight: street lights present,Fine (without high winds),Dry,None,None,No overtaking,320650,675130,519720,Junction,M.V.N.P.,366919,unset,EH47AG,Control by other authorised person,Pedestrian phase at traffic signal junction,At scene,55.962660718,-3.27122768056,"{""type"": ""Feature"",""geometry"": {""type"": ""Point"",""coordinates"": -3.27122768056, 55.962660718}}"
52713,,Slight,2,1,23/01/2013,Wednesday,23,January,13,18,25,S12000036,A,720,Roundabout,60,Roundabout,Automatic Traffic Signal,A,7,Daylight: street lights present,Fine (without high winds),Dry,None,None,No overtaking,331740,667970,2608104,Junction,T.V.N.P.,366920,unset,EH221RT,No crossing facility within 50m or physical crossing facility not controlled by authorised person,No physical crossing facility within 50m,At scene,55.9000378528,-3.0917889989,"{""type"": ""Feature"",""geometry"": {""type"": ""Point"",""coordinates"": -3.0917889989, 55.9000378528}}"
53413,,Slight,1,1,28/01/2013,Monday,28,January,13,13,45,S12000036,Unclassified,,Single carriageway - 2 lanes,30,'T' or staggered junction,Give way sign or markings,Unclassified,,Daylight: street lights present,Raining (without high winds),Dry,None,None,No overtaking,325420,673360,521487,Junction,Pedestrian,366921,unset,EH12HS,Control by other authorised person,Pedestrian phase at traffic signal junction,At scene,55.9475236126,-3.19433938421,"{""type"": ""Feature"",""geometry"": {""type"": ""Point"",""coordinates"": -3.19433938421, 55.9475236126}}"
53513,,Slight,2,1,30/01/2013,Wednesday,30,January,13,7,50,S12000036,C,,Single carriageway - 2 lanes,30,Other junction,Give way sign or markings,Unclassified,,Darkness: street lights present and lit,Raining (without high winds),Dry,None,None,No overtaking,326970,674820,520284,Junction,T.V.N.P.,366922,unset,EH75QA,No crossing facility within 50m or physical crossing facility not controlled by authorised person,Pedestrian phase at traffic signal junction,At scene,55.9608781974,-3.16991878659,"{""type"": ""Feature"",""geometry"": {""type"": ""Point"",""coordinates"": -3.16991878659, 55.9608781974}}"
54013,,Slight,2,1,30/01/2013,Wednesday,30,January,13,14,40,S12000036,Unclassified,,Roundabout,30,Roundabout,Give way sign or markings,Unclassified,,Daylight: street lights present,Fine with high winds,Dry,None,None,No overtaking,327930,674600,520317,Junction,T.V.N.P.,366923,unset,EH76AT,No crossing facility within 50m or physical crossing facility not controlled by authorised person,No physical crossing facility within 50m,At scene,55.9590467132,-3.15448456871,"{""type"": ""Feature"",""geometry"": {""type"": ""Point"",""coordinates"": -3.15448456871, 55.9590467132}}"
54613,,Slight,2,1,26/01/2013,Saturday,26,January,13,14,10,S12000036,A,7,Single carriageway - 2 lanes,30,Not at or within 20 metres of junction,unset,\,,Darkness: street lights present and lit,Raining (without high winds),Dry,None,None,No overtaking,325930,673690,569273,Segment,T.V.N.P.,366924,unset,EH11SB,Control by other authorised person,No physical crossing facility within 50m,At scene,55.9505671695,-3.18626476142,"{""type"": ""Feature"",""geometry"": {""type"": ""Point"",""coordinates"": -3.18626476142, 55.9505671695}}"
55113,,Slight,2,1,31/01/2013,Thursday,31,January,13,7,55,S12000036,A,70,Single carriageway - 2 lanes,30,Other junction,Give way sign or markings,Unclassified,,Daylight: street lights present,Raining (without high winds),Dry,None,None,No overtaking,323720,672740,521793,Junction,Cyclist,366925,unset,EH112EF,No crossing facility within 50m or physical crossing facility not controlled by authorised person,"Pelican, puffin, toucan or similar non-junction pedestrian light crossing",At scene,55.9416868536,-3.22138131592,"{""type"": ""Feature"",""geometry"": {""type"": ""Point"",""coordinates"": -3.22138131592, 55.9416868536}}"
55613,,Slight,2,1,30/01/2013,Wednesday,30,January,13,14,5,S12000036,Unclassified,,Single carriageway - 2 lanes,30,Not at or within 20 metres of junction,unset,\,,Daylight: street lights present,Unknown,Dry,None,None,No overtaking,326400,672020,563095,Segment,T.V.N.P.,366926,unset,EH91PN,No crossing facility within 50m or physical crossing facility not controlled by authorised person,No physical crossing facility within 50m,At scene,55.9356362235,-3.17828365169,"{""type"": ""Feature"",""geometry"": {""type"": ""Point"",""coordinates"": -3.17828365169, 55.9356362235}}"
55813,,Slight,1,1,27/01/2013,Sunday,27,January,13,1,10,S12000036,Unclassified,,Single carriageway - 2 lanes,30,Not at or within 20 metres of junction,unset,\,,Darkness: street lights present and lit,Raining (without high winds),Dry,None,None,No overtaking,323690,669130,564896,Segment,Pedestrian,366927,unset,EH139HX,No crossing facility within 50m or physical crossing facility not controlled by authorised person,No physical crossing facility within 50m,At scene,55.9092505249,-3.22084147295,"{""type"": ""Feature"",""geometry"": {""type"": ""Point"",""coordinates"": -3.22084147295, 55.9092505249}}"
56213,,Slight,1,1,31/01/2013,Thursday,31,January,13,12,12,S12000036,C,,Single carriageway - 2 lanes,30,Not at or within 20 metres of junction,unset,\,,Daylight: street lights present,Raining (without high winds),Dry,None,None,No overtaking,325180,675020,566675,Segment,Pedestrian,366928,unset,EH35EA,No crossing facility within 50m or physical crossing facility not controlled by authorised person,Pedestrian phase at traffic signal junction,At scene,55.9623994946,-3.19864261568,"{""type"": ""Feature"",""geometry"": {""type"": ""Point"",""coordinates"": -3.19864261568, 55.9623994946}}"
56713,,Slight,1,1,29/01/2013,Tuesday,29,January,13,13,43,S12000036,B,701,Single carriageway - 2 lanes,30,Crossroads,Automatic Traffic Signal,A,70,Darkness: street lights present but unlit,Fine (without high winds),Dry,None,None,No overtaking,320570,669080,532906,Junction,Pedestrian,366929,unset,EH130NJ,No crossing facility within 50m or physical crossing facility not controlled by authorised person,Pedestrian phase at traffic signal junction,At scene,55.9082965497,-3.27072840539,"{""type"": ""Feature"",""geometry"": {""type"": ""Point"",""coordinates"": -3.27072840539, 55.9082965497}}"
56813,,Slight,2,1,31/01/2013,Thursday,31,January,13,18,30,S12000036,Unclassified,,Single carriageway - 2 lanes,30,'T' or staggered junction,Give way sign or markings,Unclassified,,Darkness: street lights present and lit,Raining (without high winds),Dry,None,None,No overtaking,326450,672770,532738,Junction,Cyclist,366930,unset,EH89QR,No crossing facility within 50m or physical crossing facility not controlled by authorised person,"Pelican, puffin, toucan or similar non-junction pedestrian light crossing",At scene,55.9423818277,-3.17768781515,"{""type"": ""Feature"",""geometry"": {""type"": ""Point"",""coordinates"": -3.17768781515, 55.9423818277}}"
56913,,Slight,2,1,31/01/2013,Thursday,31,January,13,19,45,S12000036,A,6095,Single carriageway - 2 lanes,30,'T' or staggered junction,Give way sign or markings,Unclassified,,Darkness: street lights present and lit,Raining (without high winds),Dry,None,None,No overtaking,330010,671790,530047,Junction,Cyclist,366931,unset,EH164JZ,No crossing facility within 50m or physical crossing facility not controlled by authorised person,"Pelican, puffin, toucan or similar non-junction pedestrian light crossing",At scene,55.9341089252,-3.12044322299,"{""type"": ""Feature"",""geometry"": {""type"": ""Point"",""coordinates"": -3.12044322299, 55.9341089252}}"
57413,,Slight,1,1,30/01/2013,Wednesday,30,January,13,19,45,S12000036,Unclassified,,Single carriageway - 2 lanes,30,Not at or within 20 metres of junction,unset,\,,Darkness: street lights present and lit,Raining (without high winds),Dry,None,None,No overtaking,323700,675870,563649,Segment,Bus,366932,unset,EH52DL,No crossing facility within 50m or physical crossing facility not controlled by authorised person,No physical crossing facility within 50m,Elsewhere,55.9698028693,-3.22258749302,"{""type"": ""Feature"",""geometry"": {""type"": ""Point"",""coordinates"": -3.22258749302, 55.9698028693}}"
59213,,Slight,2,1,01/02/2013,Friday,1,February,13,17,45,S12000036,Unclassified,,Single carriageway - 2 lanes,30,Crossroads,Give way sign or markings,Unclassified,,Darkness: street lights present and lit,Fine (without high winds),Dry,None,None,No overtaking,326220,676380,532555,Junction,Cyclist,357851,unset,EH64PG,No crossing facility within 50m or physical crossing facility not controlled by authorised person,Pedestrian phase at traffic signal junction,At scene,55.9747784425,-3.18235803958,"{""type"": ""Feature"",""geometry"": {""type"": ""Point"",""coordinates"": -3.18235803958, 55.9747784425}}"
59613,,Slight,2,1,02/02/2013,Saturday,2,February,13,9,13,S12000036,Unclassified,,Single carriageway - 2 lanes,30,'T' or staggered junction,Give way sign or markings,Unclassified,,Daylight: street lights present,Fine (without high winds),Dry,None,None,No overtaking,324530,671000,530407,Junction,Bus,357852,unset,EH105HX,No crossing facility within 50m or physical crossing facility not controlled by authorised person,Pedestrian phase at traffic signal junction,At scene,55.9261828143,-3.20792848526,"{""type"": ""Feature"",""geometry"": {""type"": ""Point"",""coordinates"": -3.20792848526, 55.9261828143}}"
59813,,Slight,1,1,01/02/2013,Friday,1,February,13,19,0,S12000036,A,70,Single carriageway - 2 lanes,30,Not at or within 20 metres of junction,unset,\,,Darkness: street lights present and lit,Fine with high winds,Dry,None,None,No overtaking,317320,667310,561581,Segment,Bus,357853,unset,EH145SL,No crossing facility within 50m or physical crossing facility not controlled by authorised person,No physical crossing facility within 50m,Elsewhere,55.8918484468,-3.32216591881,"{""type"": ""Feature"",""geometry"": {""type"": ""Point"",""coordinates"": -3.32216591881, 55.8918484468}}"
60013,,Serious,1,1,03/02/2013,Sunday,3,February,13,0,45,S12000036,A,900,Roundabout,30,Roundabout,Give way sign or markings,Unclassified,,Darkness: street lights present and lit,Fine (without high winds),Dry,None,None,No overtaking,326160,674510,520236,Junction,Pedestrian,357854,unset,EH75DX,No crossing facility within 50m or physical crossing facility not controlled by authorised person,"Pelican, puffin, toucan or similar non-junction pedestrian light crossing",At scene,55.957969363,-3.1828067076,"{""type"": ""Feature"",""geometry"": {""type"": ""Point"",""coordinates"": -3.1828067076, 55.957969363}}"
60313,,Slight,2,1,02/02/2013,Saturday,2,February,13,9,48,S12000036,Unclassified,,Single carriageway - 2 lanes,30,Crossroads,Automatic Traffic Signal,Unclassified,,Daylight: street lights present,Fine (without high winds),Dry,None,None,No overtaking,326910,674320,520689,Junction,T.V.N.P.,357855,unset,EH75DL,No crossing facility within 50m or physical crossing facility not controlled by authorised person,Pedestrian phase at traffic signal junction,At scene,55.9563771064,-3.17074413517,"{""type"": ""Feature"",""geometry"": {""type"": ""Point"",""coordinates"": -3.17074413517, 55.9563771064}}"
60513,,Slight,1,1,02/02/2013,Saturday,2,February,13,7,45,S12000036,A,71,Single carriageway - 2 lanes,50,Not at or within 20 metres of junction,unset,\,,Darkness: street lighting unknown,Raining (without high winds),Dry,None,None,No overtaking,315930,669890,549650,Segment,S.V.N.P.,357856,unset,EH288NU,No crossing facility within 50m or physical crossing facility not controlled by authorised person,No physical crossing facility within 50m,At scene,55.9147850182,-3.34518911671,"{""type"": ""Feature"",""geometry"": {""type"": ""Point"",""coordinates"": -3.34518911671, 55.9147850182}}"