acc_ref,beat_no,severity,no_vehicle,no_casualt,a_date,a_day,a_date_day,a_date_mon,a_date_yr,a_time_hr,a_time_min,loc_auth,road1_class,road1_no,road_type,speed_limi,junc_det,junc_ctrl,road2_class,road2_no,light_cond,weather,road_surf,spec_cond,cway_hzrds,ovrtk_patrn,easting,northing,net_id,net_type,acc_type,text_id,division,Postcode,ped_xing_hc,ped_xing_p,place_reported,latitude,longitude,geojson
60713,,Slight,2,2,02/02/2013,Saturday,2,February,13,17,0,S12000036,A,720,Single carriageway - 3 lanes,70,'T' or staggered junction,Give way sign or markings,C,,Darkness: no street lighting,Fine (without high winds),Dry,None,None,No overtaking,329200,667250,2579121,Junction,T.V.N.P.,357857,unset,EH178SD,No crossing facility within 50m or physical crossing facility not controlled by authorised person,No physical crossing facility within 50m,At scene,55.8932024528,-3.13221801907,"{""type"": ""Feature"",""geometry"": {""type"": ""Point"",""coordinates"": -3.13221801907, 55.8932024528}}"
60813,,Serious,1,1,28/01/2013,Monday,28,January,13,22,0,S12000036,Unclassified,,Single carriageway - 2 lanes,30,Not at or within 20 metres of junction,unset,\,,Darkness: street lights present and lit,Raining (without high winds),Dry,None,Other object in carriageway,No overtaking,328220,674490,557965,Segment,S.V.N.P.,366933,unset,EH76BW,No crossing facility within 50m or physical crossing facility not controlled by authorised person,No physical crossing facility within 50m,At scene,55.9581018927,-3.14981083323,"{""type"": ""Feature"",""geometry"": {""type"": ""Point"",""coordinates"": -3.14981083323, 55.9581018927}}"
62913,,Slight,3,1,04/02/2013,Monday,4,February,13,11,39,S12000036,A,720,Dual carriageway - 2 lanes,70,Not at or within 20 metres of junction,unset,\,,Daylight: street lights present,Fine (without high winds),Dry,None,None,No overtaking,324790,667670,2588221,Segment,M.V.N.P.,357858,unset,EH107DUA,No crossing facility within 50m or physical crossing facility not controlled by authorised person,No physical crossing facility within 50m,At scene,55.8963071717,-3.20284155299,"{""type"": ""Feature"",""geometry"": {""type"": ""Point"",""coordinates"": -3.20284155299, 55.8963071717}}"
63313,,Serious,2,1,04/02/2013,Monday,4,February,13,14,0,S12000036,A,701,Single carriageway - 2 lanes,30,Crossroads,Give way sign or markings,Unclassified,,Daylight: street lights present,Fine (without high winds),Dry,None,None,No overtaking,326790,671710,529474,Junction,T.V.N.P.,357859,unset,EH92BU,No crossing facility within 50m or physical crossing facility not controlled by authorised person,"Pelican, puffin, toucan or similar non-junction pedestrian light crossing",At scene,55.9329107357,-3.17195741677,"{""type"": ""Feature"",""geometry"": {""type"": ""Point"",""coordinates"": -3.17195741677, 55.9329107357}}"
64413,,Serious,2,1,05/02/2013,Tuesday,5,February,13,8,23,S12000036,Unclassified,,Single carriageway - 2 lanes,30,Not at or within 20 metres of junction,unset,\,,Daylight: street lights present,Fine (without high winds),Dry,None,None,No overtaking,325610,670980,564328,Segment,Cyclist,357860,unset,EH93HS,No crossing facility within 50m or physical crossing facility not controlled by authorised person,No physical crossing facility within 50m,At scene,55.9261713837,-3.19064135759,"{""type"": ""Feature"",""geometry"": {""type"": ""Point"",""coordinates"": -3.19064135759, 55.9261713837}}"
64713,,Slight,1,1,05/02/2013,Tuesday,5,February,13,8,15,S12000036,Unclassified,,Single carriageway - 2 lanes,40,Other junction,Give way sign or markings,Unclassified,,Daylight: street lights present,Other,Dry,None,None,No overtaking,324560,669910,532903,Junction,Pedestrian,357861,unset,EH106LA,No crossing facility within 50m or physical crossing facility not controlled by authorised person,No physical crossing facility within 50m,At scene,55.9163951061,-3.2071440341,"{""type"": ""Feature"",""geometry"": {""type"": ""Point"",""coordinates"": -3.2071440341, 55.9163951061}}"
66913,,Slight,3,1,06/02/2013,Wednesday,6,February,13,8,0,S12000036,Unclassified,,Single carriageway - 2 lanes,30,'T' or staggered junction,Automatic Traffic Signal,A,7,Daylight: street lights present,Fine (without high winds),Dry,None,None,No overtaking,326670,672470,522093,Junction,M.V.N.P.,357862,unset,EH165BS,Control by school crossing patrol,Pedestrian phase at traffic signal junction,At scene,55.9397202555,-3.17408445157,"{""type"": ""Feature"",""geometry"": {""type"": ""Point"",""coordinates"": -3.17408445157, 55.9397202555}}"
67213,,Slight,2,1,02/01/2013,Wednesday,2,January,13,10,40,S12000036,Unclassified,,Single carriageway - 2 lanes,30,Not at or within 20 metres of junction,unset,\,,Daylight: street lights present,Fine (without high winds),Dry,None,None,No overtaking,324140,670300,564716,Segment,T.V.N.P.,366934,unset,EH105QS,No crossing facility within 50m or physical crossing facility not controlled by authorised person,No physical crossing facility within 50m,At scene,55.9198327735,-3.21397242311,"{""type"": ""Feature"",""geometry"": {""type"": ""Point"",""coordinates"": -3.21397242311, 55.9198327735}}"
67313,,Slight,3,1,06/02/2013,Wednesday,6,February,13,8,39,S12000036,A,720,Dual carriageway - 2 lanes,70,Not at or within 20 metres of junction,unset,\,,Daylight: street lights present,Fine (without high winds),Dry,None,None,No overtaking,324790,667670,2588221,Segment,M.V.N.P.,357863,unset,EH107DUA,No crossing facility within 50m or physical crossing facility not controlled by authorised person,No physical crossing facility within 50m,Elsewhere,55.8963071717,-3.20284155299,"{""type"": ""Feature"",""geometry"": {""type"": ""Point"",""coordinates"": -3.20284155299, 55.8963071717}}"
68313,,Slight,3,1,06/02/2013,Wednesday,6,February,13,18,0,S12000036,Motorway,8,Dual carriageway - 2 lanes,70,Not at or within 20 metres of junction,unset,\,,Darkness: street lights present and lit,Fine (without high winds),Dry,None,None,No overtaking,311390,671120,562639,Segment,M.V.N.P.,357864,unset,EH288LQ,No crossing facility within 50m or physical crossing facility not controlled by authorised person,No physical crossing facility within 50m,At scene,55.9250196578,-3.41821190528,"{""type"": ""Feature"",""geometry"": {""type"": ""Point"",""coordinates"": -3.41821190528, 55.9250196578}}"
68413,,Serious,1,2,06/02/2013,Wednesday,6,February,13,15,30,S12000036,C,,Single carriageway - 2 lanes,30,Crossroads,Give way sign or markings,Unclassified,,Daylight: street lights present,Fine (without high winds),Dry,None,None,No overtaking,322960,669220,532942,Junction,Pedestrian,357865,unset,EH139AW,No crossing facility within 50m or physical crossing facility not controlled by authorised person,No physical crossing facility within 50m,At scene,55.90994277,-3.23254296408,"{""type"": ""Feature"",""geometry"": {""type"": ""Point"",""coordinates"": -3.23254296408, 55.90994277}}"
68513,,Slight,2,1,06/02/2013,Wednesday,6,February,13,17,15,S12000036,Unclassified,,Single carriageway - 2 lanes,30,Not at or within 20 metres of junction,unset,\,,Darkness: street lights present but unlit,Fine (without high winds),Dry,None,None,No overtaking,327550,675080,0,Unset,T.V.N.P.,357866,unset,EH76BY,No crossing facility within 50m or physical crossing facility not controlled by authorised person,"Pelican, puffin, toucan or similar non-junction pedestrian light crossing",At scene,55.9633018548,-3.16069942694,"{""type"": ""Feature"",""geometry"": {""type"": ""Point"",""coordinates"": -3.16069942694, 55.9633018548}}"
71413,,Slight,1,1,08/02/2013,Friday,8,February,13,9,29,S12000036,A,71,Single carriageway - 2 lanes,30,Crossroads,Automatic Traffic Signal,Unclassified,,Daylight: street lights present,Fine (without high winds),Dry,None,None,No overtaking,322840,672230,521964,Junction,Bus,357867,unset,EH112PP,No crossing facility within 50m or physical crossing facility not controlled by authorised person,"Pelican, puffin, toucan or similar non-junction pedestrian light crossing",At scene,55.9369646971,-3.23532220832,"{""type"": ""Feature"",""geometry"": {""type"": ""Point"",""coordinates"": -3.23532220832, 55.9369646971}}"
72313,,Serious,2,4,07/02/2013,Thursday,7,February,13,13,50,S12000036,Motorway,9,Dual carriageway - 2 lanes,70,Not at or within 20 metres of junction,unset,\,,Daylight: street lights present,Fine (without high winds),Dry,None,None,No overtaking,311710,674310,562735,Segment,T.V.N.P.,357868,unset,EH299EF,No crossing facility within 50m or physical crossing facility not controlled by authorised person,No physical crossing facility within 50m,At scene,55.9537345875,-3.41413583882,"{""type"": ""Feature"",""geometry"": {""type"": ""Point"",""coordinates"": -3.41413583882, 55.9537345875}}"
75513,,Slight,1,1,10/02/2013,Sunday,10,February,13,15,24,S12000036,A,7,Single carriageway - 2 lanes,30,Not at or within 20 metres of junction,unset,\,,Daylight: street lights present,Fine (without high winds),Dry,None,None,No overtaking,326350,672570,569442,Segment,Bus,357869,unset,EH89PR,No crossing facility within 50m or physical crossing facility not controlled by authorised person,No physical crossing facility within 50m,At scene,55.9405697308,-3.17923404173,"{""type"": ""Feature"",""geometry"": {""type"": ""Point"",""coordinates"": -3.17923404173, 55.9405697308}}"
76213,,Slight,2,1,28/01/2013,Monday,28,January,13,23,10,S12000036,A,701,Single carriageway - 2 lanes,30,Crossroads,Automatic Traffic Signal,C,,Daylight: street lights present,Fog (or mist if hazard),Dry,None,None,No overtaking,327130,670300,530098,Junction,T.V.N.P.,366935,unset,EH166AJ,Control by other authorised person,Pedestrian phase at traffic signal junction,At scene,55.920294951,-3.16613542235,"{""type"": ""Feature"",""geometry"": {""type"": ""Point"",""coordinates"": -3.16613542235, 55.920294951}}"
77213,,Slight,2,1,11/02/2013,Monday,11,February,13,10,34,S12000036,B,701,Single carriageway - 2 lanes,30,'T' or staggered junction,Give way sign or markings,Unclassified,,Daylight: street lights present,Fine (without high winds),Dry,None,None,No overtaking,328450,668520,530245,Junction,T.V.N.P.,357870,unset,EH178JX,Control by other authorised person,Pedestrian phase at traffic signal junction,At scene,55.9045014158,-3.14454509206,"{""type"": ""Feature"",""geometry"": {""type"": ""Point"",""coordinates"": -3.14454509206, 55.9045014158}}"
77713,,Slight,1,1,11/02/2013,Monday,11,February,13,23,30,S12000036,C,,Single carriageway - 2 lanes,30,'T' or staggered junction,Give way sign or markings,Unclassified,,Darkness: street lights present and lit,Fine (without high winds),Dry,None,None,No overtaking,321370,670960,529696,Junction,Pedestrian,357871,unset,EH142BJ,Control by other authorised person,"Pelican, puffin, toucan or similar non-junction pedestrian light crossing",At scene,55.9253172663,-3.25848049903,"{""type"": ""Feature"",""geometry"": {""type"": ""Point"",""coordinates"": -3.25848049903, 55.9253172663}}"
78913,,Slight,2,1,12/02/2013,Tuesday,12,February,13,9,25,S12000036,A,701,Single carriageway - 2 lanes,30,Crossroads,Automatic Traffic Signal,C,,Daylight: street lights present,Fine (without high winds),Dry,None,None,No overtaking,327380,669440,530191,Junction,T.V.N.P.,357872,unset,EH166JX,No crossing facility within 50m or physical crossing facility not controlled by authorised person,Pedestrian phase at traffic signal junction,At scene,55.9126064956,-3.16190448225,"{""type"": ""Feature"",""geometry"": {""type"": ""Point"",""coordinates"": -3.16190448225, 55.9126064956}}"
79813,,Slight,2,1,12/02/2013,Tuesday,12,February,13,14,5,S12000036,B,701,Single carriageway - 2 lanes,30,'T' or staggered junction,Automatic Traffic Signal,Unclassified,,Daylight: street lights present,Fine (without high winds),Dry,None,None,No overtaking,319620,669930,12201408,Junction,T.V.N.P.,357873,unset,EH142RU,No crossing facility within 50m or physical crossing facility not controlled by authorised person,Pedestrian phase at traffic signal junction,At scene,55.9157749049,-3.28617509065,"{""type"": ""Feature"",""geometry"": {""type"": ""Point"",""coordinates"": -3.28617509065, 55.9157749049}}"
80113,,Slight,2,1,12/02/2013,Tuesday,12,February,13,15,18,S12000036,Unclassified,,Single carriageway - 2 lanes,40,Crossroads,Automatic Traffic Signal,Unclassified,,Daylight: street lights present,Fine (without high winds),Dry,None,None,No overtaking,331220,672930,531097,Junction,T.V.N.P.,357874,unset,EH153QH,No crossing facility within 50m or physical crossing facility not controlled by authorised person,No physical crossing facility within 50m,Elsewhere,55.9445254882,-3.10136745327,"{""type"": ""Feature"",""geometry"": {""type"": ""Point"",""coordinates"": -3.10136745327, 55.9445254882}}"
80413,,Slight,2,2,12/02/2013,Tuesday,12,February,13,23,40,S12000036,Unclassified,,Single carriageway - 2 lanes,30,Not at or within 20 metres of junction,unset,\,,Darkness: street lights present and lit,Fine (without high winds),Dry,None,None,No overtaking,330550,671410,569117,Segment,T.V.N.P.,357875,unset,EH164NB,No crossing facility within 50m or physical crossing facility not controlled by authorised person,No physical crossing facility within 50m,At scene,55.9307732449,-3.11170263855,"{""type"": ""Feature"",""geometry"": {""type"": ""Point"",""coordinates"": -3.11170263855, 55.9307732449}}"
80813,,Slight,5,1,29/01/2013,Tuesday,29,January,13,18,30,S12000036,A,720,Dual carriageway - 2 lanes,70,Not at or within 20 metres of junction,unset,\,,Darkness: no street lighting,Fine (without high winds),Dry,None,None,No overtaking,320170,669160,2578907,Segment,M.V.N.P.,366936,unset,EH143BR,No crossing facility within 50m or physical crossing facility not controlled by authorised person,No physical crossing facility within 50m,At scene,55.9089490638,-3.27714948209,"{""type"": ""Feature"",""geometry"": {""type"": ""Point"",""coordinates"": -3.27714948209, 55.9089490638}}"
82113,,Slight,1,1,13/02/2013,Wednesday,13,February,13,18,50,S12000036,A,7,Single carriageway - 2 lanes,30,Not at or within 20 metres of junction,unset,\,,Darkness: street lights present and lit,Raining with high winds,Dry,None,None,No overtaking,325990,673460,569294,Segment,Pedestrian,357876,unset,EH11LL,No crossing facility within 50m or physical crossing facility not controlled by authorised person,"Pelican, puffin, toucan or similar non-junction pedestrian light crossing",At scene,55.9485101176,-3.18524093708,"{""type"": ""Feature"",""geometry"": {""type"": ""Point"",""coordinates"": -3.18524093708, 55.9485101176}}"
82213,,Slight,2,1,13/02/2013,Wednesday,13,February,13,19,27,S12000036,Unclassified,,Single carriageway - 2 lanes,30,Other junction,Give way sign or markings,Unclassified,,Darkness: street lights present and lit,Raining (without high winds),Dry,None,None,No overtaking,324540,671170,530416,Junction,Cyclist,357877,unset,EH104QT,No crossing facility within 50m or physical crossing facility not controlled by authorised person,Pedestrian phase at traffic signal junction,At scene,55.9277116389,-3.2078159773,"{""type"": ""Feature"",""geometry"": {""type"": ""Point"",""coordinates"": -3.2078159773, 55.9277116389}}"
82613,,Slight,2,1,12/02/2013,Tuesday,12,February,13,15,40,S12000036,Unclassified,,Single carriageway - 2 lanes,30,Other junction,Give way sign or markings,Unclassified,,Daylight: street lights present,Fine (without high winds),Dry,None,None,No overtaking,319380,672410,521874,Junction,T.V.N.P.,357878,unset,EH127QN,No crossing facility within 50m or physical crossing facility not controlled by authorised person,No physical crossing facility within 50m,At scene,55.9380140171,-3.29075469478,"{""type"": ""Feature"",""geometry"": {""type"": ""Point"",""coordinates"": -3.29075469478, 55.9380140171}}"
83413,,Slight,1,1,14/02/2013,Thursday,14,February,13,12,20,S12000036,C,,Single carriageway - 2 lanes,30,Other junction,Give way sign or markings,Unclassified,,Daylight: street lights present,Fine (without high winds),Dry,None,None,No overtaking,325540,674560,0,Unset,Pedestrian,357879,unset,EH36NS,No crossing facility within 50m or physical crossing facility not controlled by authorised person,No physical crossing facility within 50m,At scene,55.9583228615,-3.19274958725,"{""type"": ""Feature"",""geometry"": {""type"": ""Point"",""coordinates"": -3.19274958725, 55.9583228615}}"
83513,,Slight,1,1,13/02/2013,Wednesday,13,February,13,13,10,S12000036,Unclassified,,Single carriageway - 2 lanes,30,Crossroads,Automatic Traffic Signal,C,,Daylight: street lights present,Fine (without high winds),Dry,None,None,No overtaking,319360,672630,522906,Junction,Pedestrian,357880,unset,EH127UH,No crossing facility within 50m or physical crossing facility not controlled by authorised person,Pedestrian phase at traffic signal junction,At scene,55.9399870448,-3.29114055897,"{""type"": ""Feature"",""geometry"": {""type"": ""Point"",""coordinates"": -3.29114055897, 55.9399870448}}"
83913,,Slight,3,1,14/02/2013,Thursday,14,February,13,13,10,S12000036,A,71,Single carriageway - 2 lanes,30,Not at or within 20 metres of junction,unset,\,,Daylight: street lights present,Fine (without high winds),Dry,None,None,No overtaking,323360,672440,549758,Segment,Cyclist,357881,unset,EH112NB,No crossing facility within 50m or physical crossing facility not controlled by authorised person,No physical crossing facility within 50m,Elsewhere,55.9389344613,-3.22705886909,"{""type"": ""Feature"",""geometry"": {""type"": ""Point"",""coordinates"": -3.22705886909, 55.9389344613}}"
84213,,Slight,2,1,14/02/2013,Thursday,14,February,13,18,0,S12000036,A,70,Single carriageway - 2 lanes,30,'T' or staggered junction,Give way sign or markings,Unclassified,,Darkness: street lights present and lit,Fine (without high winds),Dry,None,None,No overtaking,323860,672900,521802,Junction,Cyclist,357882,unset,EH112EA,No crossing facility within 50m or physical crossing facility not controlled by authorised person,No physical crossing facility within 50m,At scene,55.9431464562,-3.21918539174,"{""type"": ""Feature"",""geometry"": {""type"": ""Point"",""coordinates"": -3.21918539174, 55.9431464562}}"
85813,,Slight,2,2,15/02/2013,Friday,15,February,13,8,0,S12000036,A,8,Roundabout,40,Roundabout,Automatic Traffic Signal,Unclassified,,Daylight: street lights present,Fine (without high winds),Dry,None,None,No overtaking,317580,672610,9658421,Junction,T.V.N.P.,357883,unset,EH129BS,No crossing facility within 50m or physical crossing facility not controlled by authorised person,No physical crossing facility within 50m,At scene,55.9395055032,-3.31962591875,"{""type"": ""Feature"",""geometry"": {""type"": ""Point"",""coordinates"": -3.31962591875, 55.9395055032}}"
85913,,Slight,2,2,15/02/2013,Friday,15,February,13,14,0,S12000036,C,,Single carriageway - 2 lanes,30,Other junction,Automatic Traffic Signal,Unclassified,,Daylight: street lights present,Fine (without high winds),Dry,None,None,No overtaking,325170,673900,521058,Junction,Bus,357884,unset,EH22JR,No crossing facility within 50m or physical crossing facility not controlled by authorised person,"Pelican, puffin, toucan or similar non-junction pedestrian light crossing",At scene,55.9523360335,-3.19849181217,"{""type"": ""Feature"",""geometry"": {""type"": ""Point"",""coordinates"": -3.19849181217, 55.9523360335}}"
87013,,Slight,2,1,16/02/2013,Saturday,16,February,13,14,25,S12000036,A,900,Dual carriageway - 2 lanes,30,'T' or staggered junction,Automatic Traffic Signal,Unclassified,,Daylight: street lights present,Fine (without high winds),Dry,None,None,No overtaking,325980,674150,520632,Junction,Bus,357885,unset,EH13BJ,Control by other authorised person,Pedestrian phase at traffic signal junction,At scene,55.9547074641,-3.18559048014,"{""type"": ""Feature"",""geometry"": {""type"": ""Point"",""coordinates"": -3.18559048014, 55.9547074641}}"
88813,,Slight,2,2,17/02/2013,Sunday,17,February,13,15,15,S12000036,A,90,Dual carriageway - 2 lanes,50,Not at or within 20 metres of junction,unset,\,,Daylight: street lights present,Fine (without high winds),Dry,None,None,No overtaking,312480,678550,555429,Segment,T.V.N.P.,357886,unset,EH309SQ,No crossing facility within 50m or physical crossing facility not controlled by authorised person,No physical crossing facility within 50m,At scene,55.9919637719,-3.40318517298,"{""type"": ""Feature"",""geometry"": {""type"": ""Point"",""coordinates"": -3.40318517298, 55.9919637719}}"
89913,,Serious,1,1,18/02/2013,Monday,18,February,13,12,49,S12000036,A,8,Dual carriageway - 2 lanes,20,'T' or staggered junction,Automatic Traffic Signal,C,,Daylight: street lights present,Fine (without high winds),Dry,None,None,No overtaking,325690,673960,521076,Junction,Pedestrian,357887,unset,EH22BY,Control by other authorised person,Pedestrian phase at traffic signal junction,At scene,55.9529557639,-3.19018195754,"{""type"": ""Feature"",""geometry"": {""type"": ""Point"",""coordinates"": -3.19018195754, 55.9529557639}}"
90013,,Slight,1,1,18/02/2013,Monday,18,February,13,7,30,S12000036,A,70,Single carriageway - 2 lanes,30,'T' or staggered junction,Give way sign or markings,Unclassified,,Daylight: street lights present,Fine (without high winds),Dry,None,None,No overtaking,319530,668410,533113,Junction,Pedestrian,357888,unset,EH145DB,Control by other authorised person,Pedestrian phase at traffic signal junction,At scene,55.9021047734,-3.28716234532,"{""type"": ""Feature"",""geometry"": {""type"": ""Point"",""coordinates"": -3.28716234532, 55.9021047734}}"
90713,,Slight,2,1,18/02/2013,Monday,18,February,13,21,30,S12000036,A,90,Single carriageway - 2 lanes,30,Not at or within 20 metres of junction,unset,\,,Darkness: street lights present and lit,Fine (without high winds),Dry,None,None,No overtaking,322760,674260,555564,Segment,Cyclist,357889,unset,EH43HW,No crossing facility within 50m or physical crossing facility not controlled by authorised person,No physical crossing facility within 50m,At scene,55.955188826,-3.23718402657,"{""type"": ""Feature"",""geometry"": {""type"": ""Point"",""coordinates"": -3.23718402657, 55.955188826}}"
90813,,Serious,1,1,19/02/2013,Tuesday,19,February,13,4,0,S12000036,Unclassified,,One way Street,30,Not at or within 20 metres of junction,unset,\,,Darkness: street lighting unknown,Fine (without high winds),Dry,None,None,No overtaking,325890,673670,558251,Segment,Pedestrian,357890,unset,EH11PE,No crossing facility within 50m or physical crossing facility not controlled by authorised person,No physical crossing facility within 50m,At scene,55.9503813246,-3.1868997279,"{""type"": ""Feature"",""geometry"": {""type"": ""Point"",""coordinates"": -3.1868997279, 55.9503813246}}"
92513,,Serious,1,1,19/02/2013,Tuesday,19,February,13,14,44,S12000036,A,1,Single carriageway - 2 lanes,40,'T' or staggered junction,Give way sign or markings,Unclassified,,Daylight: street lights present,Fine (without high winds),Dry,None,None,No overtaking,330610,672880,532597,Junction,Pedestrian,357891,unset,EH153AS,No crossing facility within 50m or physical crossing facility not controlled by authorised person,No physical crossing facility within 50m,At scene,55.9439886051,-3.11112040465,"{""type"": ""Feature"",""geometry"": {""type"": ""Point"",""coordinates"": -3.11112040465, 55.9439886051}}"
93213,,Slight,2,1,15/02/2013,Friday,15,February,13,13,34,S12000036,A,90,Single carriageway - 2 lanes,40,Not at or within 20 metres of junction,unset,\,,Daylight: street lights present,Fine (without high winds),Dry,None,None,No overtaking,317900,675380,555438,Segment,T.V.N.P.,357892,unset,EH46DY,No crossing facility within 50m or physical crossing facility not controlled by authorised person,"Pelican, puffin, toucan or similar non-junction pedestrian light crossing",At scene,55.9644444137,-3.31534743561,"{""type"": ""Feature"",""geometry"": {""type"": ""Point"",""coordinates"": -3.31534743561, 55.9644444137}}"
93613,,Slight,2,1,20/02/2013,Wednesday,20,February,13,7,21,S12000036,Unclassified,,Single carriageway - 2 lanes,30,Not at or within 20 metres of junction,unset,\,,Daylight: street lights present,Fine (without high winds),Dry,None,None,No overtaking,312300,677650,555318,Segment,T.V.N.P.,357893,unset,EH309XS,No crossing facility within 50m or physical crossing facility not controlled by authorised person,No physical crossing facility within 50m,At scene,55.9838461527,-3.40577666464,"{""type"": ""Feature"",""geometry"": {""type"": ""Point"",""coordinates"": -3.40577666464, 55.9838461527}}"
95213,,Slight,1,1,20/02/2013,Wednesday,20,February,13,17,30,S12000036,A,1140,Single carriageway - 2 lanes,30,Other junction,Give way sign or markings,Unclassified,,Darkness: street lights present and lit,Fine (without high winds),Dry,None,None,No overtaking,329710,674360,523458,Junction,Pedestrian,357894,unset,EH76TH,No crossing facility within 50m or physical crossing facility not controlled by authorised person,Pedestrian phase at traffic signal junction,At scene,55.9571542807,-3.12591454122,"{""type"": ""Feature"",""geometry"": {""type"": ""Point"",""coordinates"": -3.12591454122, 55.9571542807}}"
95613,,Slight,2,1,20/02/2013,Wednesday,20,February,13,22,5,S12000036,A,700,Single carriageway - 2 lanes,30,'T' or staggered junction,Give way sign or markings,Unclassified,,Darkness: street lights present and lit,Unknown,Dry,None,None,No overtaking,325650,672520,12220073,Junction,Cyclist,357895,unset,EH39EE,No crossing facility within 50m or physical crossing facility not controlled by authorised person,No physical crossing facility within 50m,Elsewhere,55.9400127827,-3.19042548248,"{""type"": ""Feature"",""geometry"": {""type"": ""Point"",""coordinates"": -3.19042548248, 55.9400127827}}"
95713,,Slight,2,1,20/02/2013,Wednesday,20,February,13,8,30,S12000036,C,,Single carriageway - 2 lanes,30,Crossroads,Automatic Traffic Signal,Unclassified,,Daylight: street lights present,Fine (without high winds),Dry,Road marking defective or obscured,None,No overtaking,325060,674250,520545,Junction,T.V.N.P.,357896,unset,EH36HP,Control by school crossing patrol,"Pelican, puffin, toucan or similar non-junction pedestrian light crossing",At scene,55.9554632355,-3.20035045784,"{""type"": ""Feature"",""geometry"": {""type"": ""Point"",""coordinates"": -3.20035045784, 55.9554632355}}"
96813,,Slight,1,1,21/02/2013,Thursday,21,February,13,12,15,S12000036,Unclassified,,Single carriageway - 2 lanes,30,Not at or within 20 metres of junction,unset,\,,Daylight: street lights present,Fine (without high winds),Dry,None,None,No overtaking,321750,676820,12226742,Segment,S.V.N.P.,357897,unset,EH44JJ,No crossing facility within 50m or physical crossing facility not controlled by authorised person,No physical crossing facility within 50m,At scene,55.9780235248,-3.25410097229,"{""type"": ""Feature"",""geometry"": {""type"": ""Point"",""coordinates"": -3.25410097229, 55.9780235248}}"
98213,,Slight,2,1,21/02/2013,Thursday,21,February,13,13,10,S12000036,B,900,Single carriageway - 2 lanes,30,Other junction,Give way sign or markings,Unclassified,,Daylight: street lights present,Fine (without high winds),Dry,None,None,No overtaking,323750,674670,520083,Junction,Cyclist,357898,unset,EH41DG,No crossing facility within 50m or physical crossing facility not controlled by authorised person,"Pelican, puffin, toucan or similar non-junction pedestrian light crossing",At scene,55.9590303044,-3.22144687341,"{""type"": ""Feature"",""geometry"": {""type"": ""Point"",""coordinates"": -3.22144687341, 55.9590303044}}"
99213,,Slight,2,1,22/02/2013,Friday,22,February,13,22,25,S12000036,Unclassified,,Single carriageway - 2 lanes,30,Crossroads,Automatic Traffic Signal,A,901,Darkness: street lights present and lit,Fine (without high winds),Dry,None,None,No overtaking,326520,676450,531376,Junction,T.V.N.P.,357899,unset,EH66HN,Control by other authorised person,Pedestrian phase at traffic signal junction,At scene,55.9754533226,-3.17757065417,"{""type"": ""Feature"",""geometry"": {""type"": ""Point"",""coordinates"": -3.17757065417, 55.9754533226}}"
100113,,Slight,1,1,23/02/2013,Saturday,23,February,13,13,0,S12000036,Unclassified,,One way Street,30,'T' or staggered junction,Give way sign or markings,C,,Daylight: street lights present,Fine (without high winds),Dry,None,None,No overtaking,325630,673490,521547,Junction,Pedestrian,357900,unset,EH11RN,No crossing facility within 50m or physical crossing facility not controlled by authorised person,Central refuge - no other controls,At scene,55.9487240591,-3.19101307115,"{""type"": ""Feature"",""geometry"": {""type"": ""Point"",""coordinates"": -3.19101307115, 55.9487240591}}"
100213,,Slight,1,1,23/02/2013,Saturday,23,February,13,13,55,S12000036,Unclassified,,One way Street,30,'T' or staggered junction,Give way sign or markings,C,,Daylight: street lights present,Fine (without high winds),Dry,None,None,No overtaking,325630,673490,521547,Junction,Pedestrian,357901,unset,EH11RN,No crossing facility within 50m or physical crossing facility not controlled by authorised person,Central refuge - no other controls,At scene,55.9487240591,-3.19101307115,"{""type"": ""Feature"",""geometry"": {""type"": ""Point"",""coordinates"": -3.19101307115, 55.9487240591}}"
100313,,Slight,2,1,09/02/2013,Saturday,9,February,13,8,15,S12000036,A,199,Single carriageway - 2 lanes,30,Crossroads,Automatic Traffic Signal,Unclassified,,Daylight: street lights present,Raining (without high winds),Dry,None,None,No overtaking,327640,676340,519277,Junction,T.V.N.P.,357902,unset,EH67LA,No crossing facility within 50m or physical crossing facility not controlled by authorised person,Pedestrian phase at traffic signal junction,At scene,55.9746352012,-3.15959643739,"{""type"": ""Feature"",""geometry"": {""type"": ""Point"",""coordinates"": -3.15959643739, 55.9746352012}}"
101313,,Slight,2,1,24/02/2013,Sunday,24,February,13,8,15,S12000036,A,720,Dual carriageway - 2 lanes,70,Not at or within 20 metres of junction,unset,\,,Darkness: no street lighting,Snowing (without high winds),Dry,None,None,No overtaking,323580,668000,570546,Segment,T.V.N.P.,357903,unset,EH107DS,No crossing facility within 50m or physical crossing facility not controlled by authorised person,No physical crossing facility within 50m,At scene,55.8990813311,-3.22228151962,"{""type"": ""Feature"",""geometry"": {""type"": ""Point"",""coordinates"": -3.22228151962, 55.8990813311}}"