acc_ref,beat_no,severity,no_vehicle,no_casualt,a_date,a_day,a_date_day,a_date_mon,a_date_yr,a_time_hr,a_time_min,loc_auth,road1_class,road1_no,road_type,speed_limi,junc_det,junc_ctrl,road2_class,road2_no,light_cond,weather,road_surf,spec_cond,cway_hzrds,ovrtk_patrn,easting,northing,net_id,net_type,acc_type,text_id,division,Postcode,ped_xing_hc,ped_xing_p,place_reported,latitude,longitude,geojson
103013,,Slight,1,1,24/02/2013,Sunday,24,February,13,15,14,S12000036,C,,Single carriageway - 2 lanes,20,Not at or within 20 metres of junction,unset,\,,Daylight: street lights present,Fine (without high winds),Dry,None,None,No overtaking,322020,672240,565409,Segment,Pedestrian,357904,unset,EH113BQ,No crossing facility within 50m or physical crossing facility not controlled by authorised person,No physical crossing facility within 50m,At scene,55.9369222377,-3.24844971178,"{""type"": ""Feature"",""geometry"": {""type"": ""Point"",""coordinates"": -3.24844971178, 55.9369222377}}"
103113,,Slight,1,1,24/02/2013,Sunday,24,February,13,19,15,S12000036,Unclassified,,Single carriageway - 2 lanes,30,Not at or within 20 metres of junction,unset,\,,Daylight: street lights present,Fine (without high winds),Dry,None,None,No overtaking,324510,671510,0,Unset,Pedestrian,357905,unset,EH104AY,No crossing facility within 50m or physical crossing facility not controlled by authorised person,No physical crossing facility within 50m,At scene,55.9307614406,-3.20839110242,"{""type"": ""Feature"",""geometry"": {""type"": ""Point"",""coordinates"": -3.20839110242, 55.9307614406}}"
103213,,Slight,2,1,24/02/2013,Sunday,24,February,13,21,43,S12000036,Unclassified,,Single carriageway - 2 lanes,30,Crossroads,Give way sign or markings,Unclassified,,Daylight: street lights present,Fine (without high winds),Dry,None,None,No overtaking,325580,674400,12222985,Junction,T.V.N.P.,357906,unset,EH13PP,Control by other authorised person,Pedestrian phase at traffic signal junction,At scene,55.9568916415,-3.19206481557,"{""type"": ""Feature"",""geometry"": {""type"": ""Point"",""coordinates"": -3.19206481557, 55.9568916415}}"
103613,,Slight,1,1,24/02/2013,Sunday,24,February,13,0,45,S12000036,C,,Single carriageway - 2 lanes,30,'T' or staggered junction,Automatic Traffic Signal,A,8,Darkness: street lights present and lit,Fine (without high winds),Dry,None,None,No overtaking,325370,673820,521028,Junction,S.V.N.P.,357907,unset,EH22HG,Control by other authorised person,Pedestrian phase at traffic signal junction,Elsewhere,55.9516484288,-3.19526721329,"{""type"": ""Feature"",""geometry"": {""type"": ""Point"",""coordinates"": -3.19526721329, 55.9516484288}}"
105513,,Slight,2,1,25/02/2013,Monday,25,February,13,16,0,S12000036,C,,Roundabout,30,Roundabout,Give way sign or markings,Unclassified,,Darkness: street lights present and lit,Fine (without high winds),Dry,None,None,No overtaking,326740,673920,521175,Junction,Cyclist,357908,unset,EH88BY,No crossing facility within 50m or physical crossing facility not controlled by authorised person,"Pelican, puffin, toucan or similar non-junction pedestrian light crossing",Elsewhere,55.9527576427,-3.17335781628,"{""type"": ""Feature"",""geometry"": {""type"": ""Point"",""coordinates"": -3.17335781628, 55.9527576427}}"
105713,,Slight,1,1,25/02/2013,Monday,25,February,13,15,30,S12000036,A,90,Single carriageway - 2 lanes,40,Not at or within 20 metres of junction,unset,\,,Daylight: street lights present,Fine (without high winds),Dry,None,None,No overtaking,319100,674910,0,Unset,Pedestrian,357909,unset,EH46ER,No crossing facility within 50m or physical crossing facility not controlled by authorised person,Central refuge - no other controls,At scene,55.9604257907,-3.29598634324,"{""type"": ""Feature"",""geometry"": {""type"": ""Point"",""coordinates"": -3.29598634324, 55.9604257907}}"
106413,,Slight,2,1,25/02/2013,Monday,25,February,13,19,7,S12000036,Unclassified,,Single carriageway - 2 lanes,30,'T' or staggered junction,Give way sign or markings,Unclassified,,Darkness: street lights present and lit,Fine (without high winds),Dry,None,None,No overtaking,324240,674690,520116,Junction,T.V.N.P.,357910,unset,EH41DR,No crossing facility within 50m or physical crossing facility not controlled by authorised person,No physical crossing facility within 50m,At scene,55.9592875048,-3.2136051851,"{""type"": ""Feature"",""geometry"": {""type"": ""Point"",""coordinates"": -3.2136051851, 55.9592875048}}"
107013,,Slight,3,2,25/02/2013,Monday,25,February,13,16,30,S12000036,Unclassified,,Single carriageway - 2 lanes,30,Not at or within 20 metres of junction,unset,\,,Daylight: street lights present,Fine (without high winds),Dry,None,None,No overtaking,328390,668500,2105867,Segment,M.V.N.P.,357911,unset,EH178JX,No crossing facility within 50m or physical crossing facility not controlled by authorised person,No physical crossing facility within 50m,At scene,55.904312812,-3.14549936646,"{""type"": ""Feature"",""geometry"": {""type"": ""Point"",""coordinates"": -3.14549936646, 55.904312812}}"
107513,,Slight,2,1,26/02/2013,Tuesday,26,February,13,12,10,S12000036,B,9085,One way Street,30,'T' or staggered junction,Give way sign or markings,B,9085,Daylight: street lights present,Fine (without high winds),Dry,None,None,No overtaking,320600,675190,519738,Junction,T.V.N.P.,357912,unset,EH45BP,No crossing facility within 50m or physical crossing facility not controlled by authorised person,Pedestrian phase at traffic signal junction,At scene,55.9631914706,-3.2720461667,"{""type"": ""Feature"",""geometry"": {""type"": ""Point"",""coordinates"": -3.2720461667, 55.9631914706}}"
107613,,Slight,1,1,26/02/2013,Tuesday,26,February,13,13,10,S12000036,C,,Single carriageway - 2 lanes,30,Not at or within 20 metres of junction,unset,\,,Daylight: street lights present,Fine (without high winds),Dry,None,None,No overtaking,323840,672120,554774,Segment,Bus,357913,unset,EH111LH,No crossing facility within 50m or physical crossing facility not controlled by authorised person,No physical crossing facility within 50m,At scene,55.9361359242,-3.21928539033,"{""type"": ""Feature"",""geometry"": {""type"": ""Point"",""coordinates"": -3.21928539033, 55.9361359242}}"
109113,,Slight,2,1,27/02/2013,Wednesday,27,February,13,9,45,S12000036,C,,Single carriageway - 2 lanes,30,'T' or staggered junction,Give way sign or markings,Unclassified,,Daylight: street lights present,Fine (without high winds),Dry,None,None,No overtaking,326590,671520,529462,Junction,Cyclist,357914,unset,EH92NE,No crossing facility within 50m or physical crossing facility not controlled by authorised person,Central refuge - no other controls,Elsewhere,55.9311732931,-3.17510662311,"{""type"": ""Feature"",""geometry"": {""type"": ""Point"",""coordinates"": -3.17510662311, 55.9311732931}}"
109613,,Slight,3,1,27/02/2013,Wednesday,27,February,13,8,30,S12000036,A,8,Dual carriageway - 2 lanes,40,Not at or within 20 metres of junction,unset,\,,Daylight: street lights present,Fine (without high winds),Dry,None,None,No overtaking,315930,672330,550758,Segment,M.V.N.P.,357915,unset,EH129BH,No crossing facility within 50m or physical crossing facility not controlled by authorised person,No physical crossing facility within 50m,At scene,55.936704457,-3.34594870342,"{""type"": ""Feature"",""geometry"": {""type"": ""Point"",""coordinates"": -3.34594870342, 55.936704457}}"
109913,,Slight,2,1,27/02/2013,Wednesday,27,February,13,10,5,S12000036,Unclassified,,Single carriageway - 2 lanes,60,'T' or staggered junction,Stop sign,A,6106,Daylight: street lights present,Fine (without high winds),Dry,None,None,No overtaking,330070,673770,529624,Junction,T.V.N.P.,357916,unset,EH151LU,No crossing facility within 50m or physical crossing facility not controlled by authorised person,No physical crossing facility within 50m,Elsewhere,55.9519062001,-3.11999619611,"{""type"": ""Feature"",""geometry"": {""type"": ""Point"",""coordinates"": -3.11999619611, 55.9519062001}}"
110213,,Slight,3,2,26/02/2013,Tuesday,26,February,13,18,0,S12000036,A,720,Dual carriageway - 2 lanes,50,Not at or within 20 metres of junction,unset,\,,Daylight: street lights present,Fine (without high winds),Dry,None,None,No overtaking,318500,670480,2582067,Segment,M.V.N.P.,357917,unset,EH144AJ,No crossing facility within 50m or physical crossing facility not controlled by authorised person,No physical crossing facility within 50m,At scene,55.9205274531,-3.30425713619,"{""type"": ""Feature"",""geometry"": {""type"": ""Point"",""coordinates"": -3.30425713619, 55.9205274531}}"
110313,,Slight,1,1,27/02/2013,Wednesday,27,February,13,15,35,S12000036,A,8,Dual carriageway - 2 lanes,40,Not at or within 20 metres of junction,unset,\,,Daylight: street lights present,Fine (without high winds),Dry,None,None,No overtaking,317990,672730,550646,Segment,Pedestrian,357918,unset,EH128LU,No crossing facility within 50m or physical crossing facility not controlled by authorised person,No physical crossing facility within 50m,At scene,55.9406536359,-3.31309983036,"{""type"": ""Feature"",""geometry"": {""type"": ""Point"",""coordinates"": -3.31309983036, 55.9406536359}}"
110613,,Slight,2,1,27/02/2013,Wednesday,27,February,13,19,40,S12000036,A,71,Dual carriageway - 2 lanes,40,Roundabout,Give way sign or markings,Unclassified,,Darkness: street lights present and lit,Fine (without high winds),Dry,None,None,No overtaking,320080,670830,529672,Junction,T.V.N.P.,357919,unset,EH114AJ,No crossing facility within 50m or physical crossing facility not controlled by authorised person,No physical crossing facility within 50m,At scene,55.9239367898,-3.27908286153,"{""type"": ""Feature"",""geometry"": {""type"": ""Point"",""coordinates"": -3.27908286153, 55.9239367898}}"
111613,,Slight,2,1,26/02/2013,Tuesday,26,February,13,17,15,S12000036,Motorway,8,Dual carriageway - 2 lanes,70,Slip road,Give way sign or markings,Motorway,8,Daylight: street lights present,Fine (without high winds),Dry,None,None,No overtaking,313120,671250,6452160,Junction,T.V.N.P.,357920,unset,EH288LU,No crossing facility within 50m or physical crossing facility not controlled by authorised person,No physical crossing facility within 50m,Elsewhere,55.9265030573,-3.39057416557,"{""type"": ""Feature"",""geometry"": {""type"": ""Point"",""coordinates"": -3.39057416557, 55.9265030573}}"
112313,,Slight,1,1,23/02/2013,Saturday,23,February,13,23,25,S12000036,Unclassified,,Single carriageway - 2 lanes,30,Not at or within 20 metres of junction,unset,\,,Darkness: street lights present and lit,Fine (without high winds),Dry,None,None,No overtaking,325040,673380,0,Unset,Pedestrian,357921,unset,EH12EW,No crossing facility within 50m or physical crossing facility not controlled by authorised person,No physical crossing facility within 50m,At scene,55.9476441708,-3.20042884281,"{""type"": ""Feature"",""geometry"": {""type"": ""Point"",""coordinates"": -3.20042884281, 55.9476441708}}"
112813,,Slight,1,1,28/02/2013,Thursday,28,February,13,15,55,S12000036,Unclassified,,Single carriageway - 2 lanes,30,Not at or within 20 metres of junction,unset,\,,Daylight: street lights present,Fine (without high winds),Dry,None,None,No overtaking,329070,670130,568105,Segment,Pedestrian,357922,unset,EH164ST,No crossing facility within 50m or physical crossing facility not controlled by authorised person,Pedestrian phase at traffic signal junction,Elsewhere,55.9190575932,-3.13505199691,"{""type"": ""Feature"",""geometry"": {""type"": ""Point"",""coordinates"": -3.13505199691, 55.9190575932}}"
114013,,Serious,2,1,01/03/2013,Friday,1,March,13,10,30,S12000036,A,7,Single carriageway - 2 lanes,30,'T' or staggered junction,Give way sign or markings,Unclassified,,Daylight: street lights present,Fine (without high winds),Dry,None,None,No overtaking,326300,672680,532693,Junction,Cyclist,363682,unset,EH89JG,No crossing facility within 50m or physical crossing facility not controlled by authorised person,Pedestrian phase at traffic signal junction,Elsewhere,55.9415502999,-3.1800644663,"{""type"": ""Feature"",""geometry"": {""type"": ""Point"",""coordinates"": -3.1800644663, 55.9415502999}}"
114413,,Slight,1,1,01/03/2013,Friday,1,March,13,13,15,S12000036,Unclassified,,Single carriageway - 2 lanes,30,'T' or staggered junction,Give way sign or markings,Unclassified,,Daylight: street lights present,Fine (without high winds),Dry,None,None,No overtaking,322660,675700,519385,Junction,Pedestrian,363683,unset,EH44AG,No crossing facility within 50m or physical crossing facility not controlled by authorised person,Pedestrian phase at traffic signal junction,At scene,55.9681092694,-3.23919868278,"{""type"": ""Feature"",""geometry"": {""type"": ""Point"",""coordinates"": -3.23919868278, 55.9681092694}}"
114713,,Slight,2,1,01/03/2013,Friday,1,March,13,13,40,S12000036,Unclassified,,Single carriageway - 2 lanes,30,Not at or within 20 metres of junction,unset,\,,Daylight: street lights present,Fine (without high winds),Dry,None,None,No overtaking,326560,672130,569300,Segment,T.V.N.P.,363684,unset,EH92BR,No crossing facility within 50m or physical crossing facility not controlled by authorised person,No physical crossing facility within 50m,At scene,55.9366489229,-3.17575270657,"{""type"": ""Feature"",""geometry"": {""type"": ""Point"",""coordinates"": -3.17575270657, 55.9366489229}}"
114913,,Slight,1,1,01/03/2013,Friday,1,March,13,11,45,S12000036,B,700,Single carriageway - 2 lanes,30,Crossroads,Automatic Traffic Signal,A,702,Daylight: street lights present,Fine (without high winds),Dry,None,None,No overtaking,324800,673190,521406,Junction,Bus,363685,unset,EH38BJ,No crossing facility within 50m or physical crossing facility not controlled by authorised person,Pedestrian phase at traffic signal junction,At scene,55.9458997482,-3.204218333,"{""type"": ""Feature"",""geometry"": {""type"": ""Point"",""coordinates"": -3.204218333, 55.9458997482}}"
115113,,Slight,1,1,01/03/2013,Friday,1,March,13,12,0,S12000036,Unclassified,,Single carriageway - 2 lanes,30,Not at or within 20 metres of junction,unset,\,,Daylight: street lights present,Fine (without high winds),Dry,None,None,No overtaking,326480,673530,0,Unset,Pedestrian,363686,unset,EH89UG,No crossing facility within 50m or physical crossing facility not controlled by authorised person,No physical crossing facility within 50m,At scene,55.9492142028,-3.1774147352,"{""type"": ""Feature"",""geometry"": {""type"": ""Point"",""coordinates"": -3.1774147352, 55.9492142028}}"
115713,,Slight,2,1,02/03/2013,Saturday,2,March,13,0,10,S12000036,Unclassified,,Single carriageway - 2 lanes,40,Not at or within 20 metres of junction,unset,\,,Darkness: street lights present and lit,Fine (without high winds),Dry,None,None,No overtaking,330070,673780,529624,Junction,T.V.N.P.,363687,unset,EH151LU,No crossing facility within 50m or physical crossing facility not controlled by authorised person,No physical crossing facility within 50m,At scene,55.9519960411,-3.11999878992,"{""type"": ""Feature"",""geometry"": {""type"": ""Point"",""coordinates"": -3.11999878992, 55.9519960411}}"
117613,,Slight,2,1,01/03/2013,Friday,1,March,13,17,50,S12000036,Unclassified,,Single carriageway - 2 lanes,30,Not at or within 20 metres of junction,unset,\,,Darkness: street lights present and lit,Fine (without high winds),Dry,None,None,No overtaking,320640,671780,565352,Segment,Cyclist,363688,unset,EH113NR,No crossing facility within 50m or physical crossing facility not controlled by authorised person,"Pelican, puffin, toucan or similar non-junction pedestrian light crossing",At scene,55.9325639651,-3.27040202265,"{""type"": ""Feature"",""geometry"": {""type"": ""Point"",""coordinates"": -3.27040202265, 55.9325639651}}"
117713,,Slight,1,1,02/03/2013,Saturday,2,March,13,19,10,S12000036,Unclassified,,Single carriageway - 2 lanes,30,Not at or within 20 metres of junction,unset,\,,Darkness: street lights present and lit,Fine (without high winds),Dry,None,None,No overtaking,320260,669510,565058,Segment,Bus,363689,unset,EH143BG,No crossing facility within 50m or physical crossing facility not controlled by authorised person,Zebra crossing,At scene,55.9121082605,-3.27581327718,"{""type"": ""Feature"",""geometry"": {""type"": ""Point"",""coordinates"": -3.27581327718, 55.9121082605}}"
121413,,Slight,1,3,04/03/2013,Monday,4,March,13,23,38,S12000036,A,720,Dual carriageway - 2 lanes,60,Not at or within 20 metres of junction,unset,\,,Daylight: street lights present,Fine (without high winds),Dry,None,None,No overtaking,323530,668020,570534,Segment,S.V.N.P.,363690,unset,EH107DS,No crossing facility within 50m or physical crossing facility not controlled by authorised person,No physical crossing facility within 50m,At scene,55.8992530693,-3.22308668177,"{""type"": ""Feature"",""geometry"": {""type"": ""Point"",""coordinates"": -3.22308668177, 55.8992530693}}"
121913,,Slight,2,1,05/03/2013,Tuesday,5,March,13,8,30,S12000036,Unclassified,,Single carriageway - 2 lanes,30,Crossroads,Automatic Traffic Signal,Unclassified,,Daylight: street lights present,Fine (without high winds),Dry,None,None,No overtaking,326730,671820,529477,Junction,Cyclist,363691,unset,EH92BT,No crossing facility within 50m or physical crossing facility not controlled by authorised person,"Pelican, puffin, toucan or similar non-junction pedestrian light crossing",At scene,55.9338898328,-3.1729475396,"{""type"": ""Feature"",""geometry"": {""type"": ""Point"",""coordinates"": -3.1729475396, 55.9338898328}}"
122513,,Slight,1,1,05/03/2013,Tuesday,5,March,13,11,10,S12000036,C,,Dual carriageway - 2 lanes,30,Not at or within 20 metres of junction,unset,\,,Daylight: street lights present,Fine (without high winds),Dry,None,None,No overtaking,326040,674410,558575,Segment,Pedestrian,363692,unset,EH13JT,Control by school crossing patrol,"Pelican, puffin, toucan or similar non-junction pedestrian light crossing",At scene,55.9570525152,-3.18470102442,"{""type"": ""Feature"",""geometry"": {""type"": ""Point"",""coordinates"": -3.18470102442, 55.9570525152}}"
123313,,Slight,1,1,02/03/2013,Saturday,2,March,13,19,0,S12000036,A,7,Single carriageway - 2 lanes,30,Not at or within 20 metres of junction,unset,\,,Darkness: street lights present and lit,Fine (without high winds),Dry,None,None,No overtaking,326120,673140,569282,Segment,Bus,363693,unset,EH89DT,No crossing facility within 50m or physical crossing facility not controlled by authorised person,Pedestrian phase at traffic signal junction,Elsewhere,55.9456552696,-3.18307187513,"{""type"": ""Feature"",""geometry"": {""type"": ""Point"",""coordinates"": -3.18307187513, 55.9456552696}}"
125113,,Slight,1,1,06/03/2013,Wednesday,6,March,13,16,50,S12000036,Unclassified,,Dual carriageway - 2 lanes,30,Not at or within 20 metres of junction,unset,\,,Daylight: street lights present,Fine (without high winds),Dry,None,None,No overtaking,324370,673070,10331542,Segment,Bus,363694,unset,EH38AZ,No crossing facility within 50m or physical crossing facility not controlled by authorised person,"Pelican, puffin, toucan or similar non-junction pedestrian light crossing",Elsewhere,55.9447542195,-3.21106878235,"{""type"": ""Feature"",""geometry"": {""type"": ""Point"",""coordinates"": -3.21106878235, 55.9447542195}}"
125413,,Slight,2,2,22/02/2013,Friday,22,February,13,11,30,S12000036,Unclassified,,Single carriageway - 2 lanes,30,'T' or staggered junction,Automatic Traffic Signal,Unclassified,,Daylight: street lights present,Fine (without high winds),Dry,None,None,No overtaking,322350,671100,523488,Junction,Bus,357923,unset,EH141QA,No crossing facility within 50m or physical crossing facility not controlled by authorised person,Pedestrian phase at traffic signal junction,At scene,55.9267341936,-3.24283993862,"{""type"": ""Feature"",""geometry"": {""type"": ""Point"",""coordinates"": -3.24283993862, 55.9267341936}}"
126113,,Serious,2,1,05/03/2013,Tuesday,5,March,13,15,0,S12000036,A,702,Single carriageway - 2 lanes,30,Multiple junction,Automatic Traffic Signal,A,702,Daylight: street lights present,Fine (without high winds),Dry,None,None,No overtaking,324920,672950,533368,Junction,Cyclist,363695,unset,EH39LY,No crossing facility within 50m or physical crossing facility not controlled by authorised person,Pedestrian phase at traffic signal junction,Elsewhere,55.9437623849,-3.20223037872,"{""type"": ""Feature"",""geometry"": {""type"": ""Point"",""coordinates"": -3.20223037872, 55.9437623849}}"
126213,,Slight,2,1,02/03/2013,Saturday,2,March,13,18,30,S12000036,A,1140,Single carriageway - 2 lanes,30,Crossroads,Give way sign or markings,Unclassified,,Darkness: street lights present and lit,Fine (without high winds),Dry,None,None,No overtaking,328860,674200,523410,Junction,Cyclist,363696,unset,EH87BR,No crossing facility within 50m or physical crossing facility not controlled by authorised person,"Pelican, puffin, toucan or similar non-junction pedestrian light crossing",At scene,55.9555917223,-3.13948471247,"{""type"": ""Feature"",""geometry"": {""type"": ""Point"",""coordinates"": -3.13948471247, 55.9555917223}}"
126513,,Slight,1,1,06/03/2013,Wednesday,6,March,13,10,45,S12000036,Unclassified,,Single carriageway - 2 lanes,30,Crossroads,Give way sign or markings,Unclassified,,Daylight: street lights present,Fine (without high winds),Dry,None,None,No overtaking,323830,670440,12228564,Junction,Pedestrian,363697,unset,EH105PS,No crossing facility within 50m or physical crossing facility not controlled by authorised person,No physical crossing facility within 50m,At scene,55.9210415288,-3.21897150591,"{""type"": ""Feature"",""geometry"": {""type"": ""Point"",""coordinates"": -3.21897150591, 55.9210415288}}"
126613,,Slight,1,1,24/02/2013,Sunday,24,February,13,3,16,S12000036,A,900,Dual carriageway - 2 lanes,30,Not at or within 20 metres of junction,unset,\,,Darkness: street lights present and lit,Raining (without high winds),Dry,None,None,No overtaking,326070,674420,558509,Segment,S.V.N.P.,357924,unset,EH13NQ,No crossing facility within 50m or physical crossing facility not controlled by authorised person,No physical crossing facility within 50m,At scene,55.9571469715,-3.184223339,"{""type"": ""Feature"",""geometry"": {""type"": ""Point"",""coordinates"": -3.184223339, 55.9571469715}}"
126713,,Slight,2,1,07/03/2013,Thursday,7,March,13,6,50,S12000036,C,,Single carriageway - 2 lanes,30,'T' or staggered junction,Give way sign or markings,Unclassified,,Daylight: street lights present,Raining (without high winds),Dry,None,None,No overtaking,320060,672600,521715,Junction,T.V.N.P.,363698,unset,EH127JJ,No crossing facility within 50m or physical crossing facility not controlled by authorised person,No physical crossing facility within 50m,At scene,55.9398344466,-3.27992701198,"{""type"": ""Feature"",""geometry"": {""type"": ""Point"",""coordinates"": -3.27992701198, 55.9398344466}}"
128413,,Slight,1,1,08/03/2013,Friday,8,March,13,13,22,S12000036,C,,Single carriageway - 2 lanes,30,Crossroads,Automatic Traffic Signal,Unclassified,,Daylight: street lights present,Fine (without high winds),Dry,Road works present,None,No overtaking,328810,671620,523773,Junction,Pedestrian,363699,unset,EH164BX,No crossing facility within 50m or physical crossing facility not controlled by authorised person,No physical crossing facility within 50m,At scene,55.9324054679,-3.13960449206,"{""type"": ""Feature"",""geometry"": {""type"": ""Point"",""coordinates"": -3.13960449206, 55.9324054679}}"
128513,,Slight,2,1,07/03/2013,Thursday,7,March,13,11,15,S12000036,A,902,Single carriageway - 2 lanes,30,'T' or staggered junction,Automatic Traffic Signal,Unclassified,,Daylight: street lights present,Fine (without high winds),Dry,None,None,No overtaking,322480,674960,520062,Junction,T.V.N.P.,363700,unset,EH42NG,No crossing facility within 50m or physical crossing facility not controlled by authorised person,No physical crossing facility within 50m,At scene,55.9614323192,-3.24186906884,"{""type"": ""Feature"",""geometry"": {""type"": ""Point"",""coordinates"": -3.24186906884, 55.9614323192}}"
129813,,Serious,2,1,02/03/2013,Saturday,2,March,13,6,40,S12000036,Unclassified,,Single carriageway - 2 lanes,30,Not at or within 20 metres of junction,unset,\,,Daylight: street lights present,Fine (without high winds),Dry,None,None,No overtaking,325670,673950,0,Unset,Cyclist,363701,unset,EH22EJ,No crossing facility within 50m or physical crossing facility not controlled by authorised person,Pedestrian phase at traffic signal junction,Elsewhere,55.9528628317,-3.19049945149,"{""type"": ""Feature"",""geometry"": {""type"": ""Point"",""coordinates"": -3.19049945149, 55.9528628317}}"
129913,,Slight,2,1,04/03/2013,Monday,4,March,13,9,10,S12000036,C,,Single carriageway - 2 lanes,30,Crossroads,Automatic Traffic Signal,Unclassified,,Daylight: street lights present,Unknown,Dry,None,None,No overtaking,326520,671750,529468,Junction,Cyclist,363702,unset,EH92NJ,Control by other authorised person,Pedestrian phase at traffic signal junction,Elsewhere,55.9332289113,-3.1762894865,"{""type"": ""Feature"",""geometry"": {""type"": ""Point"",""coordinates"": -3.1762894865, 55.9332289113}}"
130513,,Slight,1,1,09/03/2013,Saturday,9,March,13,10,40,S12000036,B,9085,Single carriageway - 2 lanes,30,Mini-roundabout,Give way sign or markings,Unclassified,,Daylight: street lights present,Raining (without high winds),Dry,None,None,No overtaking,320550,675430,519747,Junction,Pedestrian,363703,unset,EH45BX,No crossing facility within 50m or physical crossing facility not controlled by authorised person,Central refuge - no other controls,At scene,55.9653392621,-3.27291776156,"{""type"": ""Feature"",""geometry"": {""type"": ""Point"",""coordinates"": -3.27291776156, 55.9653392621}}"
130713,,Slight,2,1,09/03/2013,Saturday,9,March,13,13,0,S12000036,C,,Single carriageway - 2 lanes,30,Not at or within 20 metres of junction,unset,\,,Daylight: street lights present,Fine (without high winds),Dry,None,None,No overtaking,322750,669330,564752,Segment,T.V.N.P.,363704,unset,EH139AH,No crossing facility within 50m or physical crossing facility not controlled by authorised person,No physical crossing facility within 50m,Elsewhere,55.9108973253,-3.23593325745,"{""type"": ""Feature"",""geometry"": {""type"": ""Point"",""coordinates"": -3.23593325745, 55.9108973253}}"
130813,,Slight,1,1,08/03/2013,Friday,8,March,13,13,30,S12000036,A,6095,Single carriageway - 2 lanes,30,Not at or within 20 metres of junction,unset,\,,Daylight: street lights present,Fine (without high winds),Dry,Road works present,None,No overtaking,329120,671680,553859,Segment,Pedestrian,363705,unset,EH164DS,No crossing facility within 50m or physical crossing facility not controlled by authorised person,"Pelican, puffin, toucan or similar non-junction pedestrian light crossing",At scene,55.9329903065,-3.13465888567,"{""type"": ""Feature"",""geometry"": {""type"": ""Point"",""coordinates"": -3.13465888567, 55.9329903065}}"
130913,,Slight,2,1,09/03/2013,Saturday,9,March,13,18,0,S12000036,A,7,Single carriageway - 2 lanes,30,Not at or within 20 metres of junction,unset,\,,Darkness: street lights present and lit,Fine (without high winds),Dry,None,None,No overtaking,326110,673150,569282,Segment,Pedestrian,363706,unset,EH89BZ,No crossing facility within 50m or physical crossing facility not controlled by authorised person,No physical crossing facility within 50m,At scene,55.9457435714,-3.18323471058,"{""type"": ""Feature"",""geometry"": {""type"": ""Point"",""coordinates"": -3.18323471058, 55.9457435714}}"
134513,,Slight,4,1,11/03/2013,Monday,11,March,13,12,10,S12000036,A,720,Dual carriageway - 2 lanes,70,Slip road,Give way sign or markings,A,720,Daylight: street lights present,Snowing (without high winds),Dry,None,None,No overtaking,320230,669030,2578952,Junction,M.V.N.P.,363707,unset,EH145BP,No crossing facility within 50m or physical crossing facility not controlled by authorised person,No physical crossing facility within 50m,At scene,55.9077911373,-3.27615149012,"{""type"": ""Feature"",""geometry"": {""type"": ""Point"",""coordinates"": -3.27615149012, 55.9077911373}}"
134713,,Slight,2,2,07/03/2013,Thursday,7,March,13,17,0,S12000036,Unclassified,,Single carriageway - 2 lanes,30,Not at or within 20 metres of junction,unset,\,,Daylight: street lights present,Fine (without high winds),Dry,None,None,No overtaking,327730,674480,557890,Segment,T.V.N.P.,363708,unset,EH76AH,No crossing facility within 50m or physical crossing facility not controlled by authorised person,No physical crossing facility within 50m,Elsewhere,55.9579385903,-3.1576554404,"{""type"": ""Feature"",""geometry"": {""type"": ""Point"",""coordinates"": -3.1576554404, 55.9579385903}}"
134813,,Slight,1,1,11/03/2013,Monday,11,March,13,12,35,S12000036,A,6095,Single carriageway - 2 lanes,30,'T' or staggered junction,Give way sign or markings,Unclassified,,Daylight: street lights present,Fine (without high winds),Dry,None,None,No overtaking,329000,671670,523770,Junction,Pedestrian,363709,unset,EH164BG,No crossing facility within 50m or physical crossing facility not controlled by authorised person,"Pelican, puffin, toucan or similar non-junction pedestrian light crossing",Elsewhere,55.9328827625,-3.13657681073,"{""type"": ""Feature"",""geometry"": {""type"": ""Point"",""coordinates"": -3.13657681073, 55.9328827625}}"
134913,,Slight,2,1,07/03/2013,Thursday,7,March,13,23,1,S12000036,B,901,Single carriageway - 2 lanes,30,'T' or staggered junction,Give way sign or markings,Unclassified,,Darkness: street lights present and lit,Fine (without high winds),Dry,None,None,No overtaking,325870,674490,520611,Junction,Cyclist,363710,unset,EH13QR,No crossing facility within 50m or physical crossing facility not controlled by authorised person,No physical crossing facility within 50m,At scene,55.9577450247,-3.18744545403,"{""type"": ""Feature"",""geometry"": {""type"": ""Point"",""coordinates"": -3.18744545403, 55.9577450247}}"