acc_ref,beat_no,severity,no_vehicle,no_casualt,a_date,a_day,a_date_day,a_date_mon,a_date_yr,a_time_hr,a_time_min,loc_auth,road1_class,road1_no,road_type,speed_limi,junc_det,junc_ctrl,road2_class,road2_no,light_cond,weather,road_surf,spec_cond,cway_hzrds,ovrtk_patrn,easting,northing,net_id,net_type,acc_type,text_id,division,Postcode,ped_xing_hc,ped_xing_p,place_reported,latitude,longitude,geojson
141113,,Slight,1,1,13/03/2013,Wednesday,13,March,13,9,10,S12000036,A,701,Single carriageway - 2 lanes,30,Other junction,Give way sign or markings,Unclassified,,Daylight: street lights present,Fine (without high winds),Dry,None,None,No overtaking,327150,671060,529600,Junction,Pedestrian,363711,unset,EH165PT,No crossing facility within 50m or physical crossing facility not controlled by authorised person,Pedestrian phase at traffic signal junction,At scene,55.927125818,-3.16602043116,"{""type"": ""Feature"",""geometry"": {""type"": ""Point"",""coordinates"": -3.16602043116, 55.927125818}}"
143113,,Slight,1,1,13/03/2013,Wednesday,13,March,13,15,30,S12000036,A,7,Single carriageway - 2 lanes,20,'T' or staggered junction,Give way sign or markings,Unclassified,,Daylight: street lights present,Fine (without high winds),Dry,None,None,No overtaking,326100,673170,521580,Junction,Pedestrian,363712,unset,EH89BZ,No crossing facility within 50m or physical crossing facility not controlled by authorised person,Central refuge - no other controls,At scene,55.9459217121,-3.18340028677,"{""type"": ""Feature"",""geometry"": {""type"": ""Point"",""coordinates"": -3.18340028677, 55.9459217121}}"
143613,,Slight,4,3,14/03/2013,Thursday,14,March,13,10,7,S12000036,A,720,Dual carriageway - 2 lanes,70,Not at or within 20 metres of junction,unset,\,,Daylight: street lights present,Fine (without high winds),Dry,None,None,No overtaking,320260,668970,570555,Segment,M.V.N.P.,363713,unset,EH145BQ,No crossing facility within 50m or physical crossing facility not controlled by authorised person,No physical crossing facility within 50m,At scene,55.907257089,-3.27565399124,"{""type"": ""Feature"",""geometry"": {""type"": ""Point"",""coordinates"": -3.27565399124, 55.907257089}}"
145813,,Slight,2,2,14/03/2013,Thursday,14,March,13,15,30,S12000036,Unclassified,,Single carriageway - 2 lanes,30,'T' or staggered junction,Give way sign or markings,Unclassified,,Daylight: street lights present,Fine (without high winds),Dry,None,None,No overtaking,319370,670790,9659683,Junction,T.V.N.P.,363714,unset,EH114AA,No crossing facility within 50m or physical crossing facility not controlled by authorised person,No physical crossing facility within 50m,At scene,55.9234589608,-3.29043091753,"{""type"": ""Feature"",""geometry"": {""type"": ""Point"",""coordinates"": -3.29043091753, 55.9234589608}}"
145913,,Slight,3,1,14/03/2013,Thursday,14,March,13,20,21,S12000036,Unclassified,,Single carriageway - 2 lanes,30,Crossroads,Give way sign or markings,Unclassified,,Daylight: street lights present,Fine (without high winds),Dry,None,None,No overtaking,318710,670930,12232039,Junction,M.V.N.P.,363715,unset,EH114DT,No crossing facility within 50m or physical crossing facility not controlled by authorised person,No physical crossing facility within 50m,At scene,55.924605577,-3.30103287762,"{""type"": ""Feature"",""geometry"": {""type"": ""Point"",""coordinates"": -3.30103287762, 55.924605577}}"
146713,,Slight,1,1,15/03/2013,Friday,15,March,13,20,20,S12000036,Motorway,8,Dual carriageway - 2 lanes,70,Not at or within 20 metres of junction,unset,\,,Darkness: no street lighting,Fine (without high winds),Dry,None,None,No overtaking,316760,670350,6452114,Segment,S.V.N.P.,363716,unset,EH129BZ,No crossing facility within 50m or physical crossing facility not controlled by authorised person,No physical crossing facility within 50m,At scene,55.9190616945,-3.33205419762,"{""type"": ""Feature"",""geometry"": {""type"": ""Point"",""coordinates"": -3.33205419762, 55.9190616945}}"
146813,,Slight,1,1,15/03/2013,Friday,15,March,13,19,40,S12000036,A,71,Dual carriageway - 2 lanes,40,Not at or within 20 metres of junction,unset,\,,Darkness: street lights present and lit,Fine (without high winds),Dry,None,None,No overtaking,318960,670520,549701,Segment,Bus,363717,unset,EH114HX,No crossing facility within 50m or physical crossing facility not controlled by authorised person,No physical crossing facility within 50m,Elsewhere,55.9209645028,-3.29690981103,"{""type"": ""Feature"",""geometry"": {""type"": ""Point"",""coordinates"": -3.29690981103, 55.9209645028}}"
149413,,Slight,3,2,14/03/2013,Thursday,14,March,13,16,20,S12000036,A,720,Dual carriageway - 2 lanes,70,Not at or within 20 metres of junction,unset,\,,Daylight: street lights present,Fine (without high winds),Dry,None,None,No overtaking,325180,667430,0,Unset,M.V.N.P.,363718,unset,EH107DUA,No crossing facility within 50m or physical crossing facility not controlled by authorised person,No physical crossing facility within 50m,At scene,55.8942117832,-3.19653940883,"{""type"": ""Feature"",""geometry"": {""type"": ""Point"",""coordinates"": -3.19653940883, 55.8942117832}}"
149513,,Slight,1,1,15/03/2013,Friday,15,March,13,16,25,S12000036,Unclassified,,Single carriageway - 2 lanes,30,Not at or within 20 metres of junction,unset,\,,Daylight: street lights present,Fine (without high winds),Dry,None,None,No overtaking,323710,676560,570123,Segment,Bus,363719,unset,EH52DB,No crossing facility within 50m or physical crossing facility not controlled by authorised person,No physical crossing facility within 50m,Elsewhere,55.976003239,-3.2226228079,"{""type"": ""Feature"",""geometry"": {""type"": ""Point"",""coordinates"": -3.2226228079, 55.976003239}}"
149613,,Serious,2,1,17/03/2013,Sunday,17,March,13,20,0,S12000036,A,901,Roundabout,30,Roundabout,Give way sign or markings,Unclassified,,Darkness: street lights present and lit,Raining (without high winds),Dry,None,None,No overtaking,323710,677130,518896,Junction,Cyclist,363720,unset,EH51HE,No crossing facility within 50m or physical crossing facility not controlled by authorised person,No physical crossing facility within 50m,At scene,55.9811239659,-3.22278437255,"{""type"": ""Feature"",""geometry"": {""type"": ""Point"",""coordinates"": -3.22278437255, 55.9811239659}}"
150613,,Slight,2,1,18/03/2013,Monday,18,March,13,10,40,S12000036,A,6095,Single carriageway - 2 lanes,30,Crossroads,Automatic Traffic Signal,Unclassified,,Daylight: street lights present,Raining (without high winds),Dry,None,None,No overtaking,330490,671750,530029,Junction,T.V.N.P.,363721,unset,EH164ND,No crossing facility within 50m or physical crossing facility not controlled by authorised person,Pedestrian phase at traffic signal junction,At scene,55.9338191875,-3.11275042012,"{""type"": ""Feature"",""geometry"": {""type"": ""Point"",""coordinates"": -3.11275042012, 55.9338191875}}"
150713,,Slight,1,1,15/03/2013,Friday,15,March,13,21,30,S12000036,B,900,Single carriageway - 2 lanes,30,Crossroads,Automatic Traffic Signal,B,900,Darkness: street lights present and lit,Raining (without high winds),Dry,None,None,No overtaking,324570,674620,520152,Junction,S.V.N.P.,363722,unset,EH41LR,No crossing facility within 50m or physical crossing facility not controlled by authorised person,Pedestrian phase at traffic signal junction,Elsewhere,55.9587105676,-3.2083006219,"{""type"": ""Feature"",""geometry"": {""type"": ""Point"",""coordinates"": -3.2083006219, 55.9587105676}}"
151113,,Slight,1,1,19/03/2013,Tuesday,19,March,13,6,10,S12000036,Motorway,8,Dual carriageway - 2 lanes,70,Not at or within 20 metres of junction,unset,\,,Daylight: street lights present,Snowing with high winds,Dry,None,None,No overtaking,316580,670400,6452114,Segment,S.V.N.P.,363723,unset,EH129BZ,No crossing facility within 50m or physical crossing facility not controlled by authorised person,No physical crossing facility within 50m,At scene,55.9194796897,-3.33494922132,"{""type"": ""Feature"",""geometry"": {""type"": ""Point"",""coordinates"": -3.33494922132, 55.9194796897}}"
152313,,Slight,2,1,19/03/2013,Tuesday,19,March,13,10,10,S12000036,A,902,Dual carriageway - 2 lanes,30,Not at or within 20 metres of junction,unset,\,,Daylight: street lights present,Snowing with high winds,Dry,None,None,No overtaking,321650,674900,563728,Segment,T.V.N.P.,363724,unset,EH42BA,No crossing facility within 50m or physical crossing facility not controlled by authorised person,Pedestrian phase at traffic signal junction,At scene,55.9607586372,-3.25514463814,"{""type"": ""Feature"",""geometry"": {""type"": ""Point"",""coordinates"": -3.25514463814, 55.9607586372}}"
155713,,Slight,2,1,16/03/2013,Saturday,16,March,13,14,25,S12000036,A,700,Single carriageway - 2 lanes,30,'T' or staggered junction,Give way sign or markings,Unclassified,,Daylight: street lights present,Raining (without high winds),Dry,None,None,No overtaking,325080,672810,521859,Junction,Cyclist,363725,unset,EH39JU,No crossing facility within 50m or physical crossing facility not controlled by authorised person,"Pelican, puffin, toucan or similar non-junction pedestrian light crossing",Elsewhere,55.9425296097,-3.19963010301,"{""type"": ""Feature"",""geometry"": {""type"": ""Point"",""coordinates"": -3.19963010301, 55.9425296097}}"
156513,,Slight,1,1,08/03/2013,Friday,8,March,13,20,10,S12000036,A,199,Single carriageway - 2 lanes,30,Not at or within 20 metres of junction,unset,\,,Darkness: street lights present and lit,Raining (without high winds),Dry,None,None,No overtaking,328250,675970,563284,Segment,Pedestrian,363726,unset,EH67JZ,No crossing facility within 50m or physical crossing facility not controlled by authorised person,No physical crossing facility within 50m,At scene,55.9714026785,-3.14972457963,"{""type"": ""Feature"",""geometry"": {""type"": ""Point"",""coordinates"": -3.14972457963, 55.9714026785}}"
157213,,Serious,3,3,21/03/2013,Thursday,21,March,13,6,40,S12000036,A,71,Single carriageway - 2 lanes,50,Not at or within 20 metres of junction,unset,\,,Daylight: street lights present,Fine (without high winds),Dry,None,Involvement with previous accident,No overtaking,313920,668970,549671,Segment,Pedestrian,363727,unset,EH278EB,No crossing facility within 50m or physical crossing facility not controlled by authorised person,No physical crossing facility within 50m,At scene,55.9061650362,-3.37704748134,"{""type"": ""Feature"",""geometry"": {""type"": ""Point"",""coordinates"": -3.37704748134, 55.9061650362}}"
157713,,Serious,1,1,21/03/2013,Thursday,21,March,13,9,30,S12000036,Unclassified,,One way Street,30,Not at or within 20 metres of junction,unset,\,,Daylight: street lights present,Fine (without high winds),Dry,None,None,No overtaking,329100,673360,553279,Segment,Pedestrian,363728,unset,EH87RR,No crossing facility within 50m or physical crossing facility not controlled by authorised person,No physical crossing facility within 50m,At scene,55.948080595,-3.13542046329,"{""type"": ""Feature"",""geometry"": {""type"": ""Point"",""coordinates"": -3.13542046329, 55.948080595}}"
157913,,Slight,1,1,16/03/2013,Saturday,16,March,13,0,30,S12000036,C,,Dual carriageway - 2 lanes,30,Not at or within 20 metres of junction,unset,\,,Daylight: street lights present,Fine (without high winds),Dry,None,None,No overtaking,325200,673990,566570,Segment,Pedestrian,363729,unset,EH22LR,No crossing facility within 50m or physical crossing facility not controlled by authorised person,No physical crossing facility within 50m,At scene,55.9531492511,-3.19803641564,"{""type"": ""Feature"",""geometry"": {""type"": ""Point"",""coordinates"": -3.19803641564, 55.9531492511}}"
158413,,Serious,1,1,21/03/2013,Thursday,21,March,13,16,0,S12000036,Unclassified,,Single carriageway - 2 lanes,30,Not at or within 20 metres of junction,unset,\,,Daylight: street lights present,Fine (without high winds),Dry,None,None,No overtaking,324630,676740,0,Unset,Bus,363730,unset,EH53JW,No crossing facility within 50m or physical crossing facility not controlled by authorised person,No physical crossing facility within 50m,At scene,55.9777656338,-3.20793300518,"{""type"": ""Feature"",""geometry"": {""type"": ""Point"",""coordinates"": -3.20793300518, 55.9777656338}}"
158613,,Fatal,1,1,21/03/2013,Thursday,21,March,13,19,50,S12000036,Unclassified,,Single carriageway - 2 lanes,30,'T' or staggered junction,Give way sign or markings,Unclassified,,Darkness: street lights present and lit,Fine (without high winds),Dry,None,None,No overtaking,323950,673660,520866,Junction,Pedestrian,363731,unset,EH125AY,No crossing facility within 50m or physical crossing facility not controlled by authorised person,No physical crossing facility within 50m,At scene,55.9499883876,-3.21795894765,"{""type"": ""Feature"",""geometry"": {""type"": ""Point"",""coordinates"": -3.21795894765, 55.9499883876}}"
159513,,Slight,1,1,22/03/2013,Friday,22,March,13,12,15,S12000036,Unclassified,,Single carriageway - 2 lanes,20,Not at or within 20 metres of junction,unset,\,,Daylight: street lights present,Fine (without high winds),Dry,None,None,No overtaking,328930,668720,0,Unset,Pedestrian,363732,unset,EH178NL,No crossing facility within 50m or physical crossing facility not controlled by authorised person,No physical crossing facility within 50m,At scene,55.9063693455,-3.1369210741,"{""type"": ""Feature"",""geometry"": {""type"": ""Point"",""coordinates"": -3.1369210741, 55.9063693455}}"
160213,,Slight,2,1,22/03/2013,Friday,22,March,13,20,30,S12000036,Unclassified,,Single carriageway - 2 lanes,30,'T' or staggered junction,Give way sign or markings,Unclassified,,Darkness: street lights present and lit,Raining (without high winds),Dry,None,None,No overtaking,321800,675540,530374,Junction,Cyclist,363733,unset,EH44PH,No crossing facility within 50m or physical crossing facility not controlled by authorised person,"Pelican, puffin, toucan or similar non-junction pedestrian light crossing",At scene,55.9665326163,-3.25292809925,"{""type"": ""Feature"",""geometry"": {""type"": ""Point"",""coordinates"": -3.25292809925, 55.9665326163}}"
161813,,Slight,1,1,23/03/2013,Saturday,23,March,13,22,30,S12000036,A,90,Single carriageway - 2 lanes,30,Not at or within 20 metres of junction,unset,\,,Darkness: street lights present and lit,Fine (without high winds),Dry,None,None,No overtaking,324690,673790,556023,Segment,Pedestrian,363734,unset,EH24DR,No crossing facility within 50m or physical crossing facility not controlled by authorised person,No physical crossing facility within 50m,At scene,55.9512728233,-3.206146949,"{""type"": ""Feature"",""geometry"": {""type"": ""Point"",""coordinates"": -3.206146949, 55.9512728233}}"
163413,,Slight,2,5,24/03/2013,Sunday,24,March,13,14,50,S12000036,Unclassified,,Single carriageway - 2 lanes,30,Crossroads,Give way sign or markings,Unclassified,,Daylight: street lights present,Fine (without high winds),Dry,Permanent road signing or marking defective or obscured,None,No overtaking,318710,670920,12232039,Junction,T.V.N.P.,363735,unset,EH114EJ,No crossing facility within 50m or physical crossing facility not controlled by authorised person,No physical crossing facility within 50m,At scene,55.9245157416,-3.30102986771,"{""type"": ""Feature"",""geometry"": {""type"": ""Point"",""coordinates"": -3.30102986771, 55.9245157416}}"
163713,,Slight,1,1,23/03/2013,Saturday,23,March,13,21,18,S12000036,Unclassified,,Single carriageway - 2 lanes,30,Not at or within 20 metres of junction,unset,\,,Darkness: street lights present and lit,Other,Dry,None,None,No overtaking,321940,670710,564608,Segment,S.V.N.P.,363736,unset,EH142EP,No crossing facility within 50m or physical crossing facility not controlled by authorised person,No physical crossing facility within 50m,At scene,55.9231641769,-3.24928778672,"{""type"": ""Feature"",""geometry"": {""type"": ""Point"",""coordinates"": -3.24928778672, 55.9231641769}}"
163913,,Serious,1,1,24/03/2013,Sunday,24,March,13,2,0,S12000036,A,900,Single carriageway - 2 lanes,30,'T' or staggered junction,Automatic Traffic Signal,Unclassified,,Darkness: street lighting unknown,Fine (without high winds),Dry,None,None,No overtaking,325960,674120,520632,Junction,Pedestrian,363737,unset,EH13AT,No crossing facility within 50m or physical crossing facility not controlled by authorised person,No physical crossing facility within 50m,At scene,55.9544348659,-3.18590250615,"{""type"": ""Feature"",""geometry"": {""type"": ""Point"",""coordinates"": -3.18590250615, 55.9544348659}}"
164013,,Slight,2,4,24/03/2013,Sunday,24,March,13,4,0,S12000036,A,71,Single carriageway - 2 lanes,60,Not at or within 20 metres of junction,unset,\,,Darkness: no street lighting,Fine (without high winds),Dry,None,None,No overtaking,316290,669820,549650,Segment,T.V.N.P.,363738,unset,EH144AG,No crossing facility within 50m or physical crossing facility not controlled by authorised person,No physical crossing facility within 50m,At scene,55.9142189403,-3.33940891155,"{""type"": ""Feature"",""geometry"": {""type"": ""Point"",""coordinates"": -3.33940891155, 55.9142189403}}"
164813,,Slight,2,1,25/03/2013,Monday,25,March,13,9,15,S12000036,Unclassified,,Single carriageway - 2 lanes,30,'T' or staggered junction,Stop sign,Unclassified,,Daylight: street lights present,Fine (without high winds),Dry,None,None,No overtaking,328250,670450,0,Unset,T.V.N.P.,363739,unset,EH165SX,No crossing facility within 50m or physical crossing facility not controlled by authorised person,No physical crossing facility within 50m,At scene,55.9218109013,-3.14825603163,"{""type"": ""Feature"",""geometry"": {""type"": ""Point"",""coordinates"": -3.14825603163, 55.9218109013}}"
165013,,Slight,2,1,25/03/2013,Monday,25,March,13,14,15,S12000036,Unclassified,,Single carriageway - 2 lanes,30,'T' or staggered junction,Give way sign or markings,Unclassified,,Daylight: street lights present,Fine with high winds,Dry,None,None,No overtaking,326090,672930,532711,Junction,Cyclist,363740,unset,EH89JR,No crossing facility within 50m or physical crossing facility not controlled by authorised person,No physical crossing facility within 50m,Elsewhere,55.9437640361,-3.18349461918,"{""type"": ""Feature"",""geometry"": {""type"": ""Point"",""coordinates"": -3.18349461918, 55.9437640361}}"
165513,,Slight,2,1,25/03/2013,Monday,25,March,13,8,0,S12000036,A,71,Single carriageway - 2 lanes,30,Not at or within 20 metres of junction,unset,\,,Daylight: street lights present,Fine (without high winds),Dry,None,None,No overtaking,322490,672080,549740,Segment,Cyclist,363741,unset,EH112RW,No crossing facility within 50m or physical crossing facility not controlled by authorised person,No physical crossing facility within 50m,Elsewhere,55.9355608403,-3.24088110991,"{""type"": ""Feature"",""geometry"": {""type"": ""Point"",""coordinates"": -3.24088110991, 55.9355608403}}"
166913,,Slight,1,1,25/03/2013,Monday,25,March,13,21,25,S12000036,A,8,Single carriageway - 2 lanes,30,Not at or within 20 metres of junction,unset,\,,Daylight: street lights present,Fine (without high winds),Dry,None,None,No overtaking,319650,672980,521694,Junction,Bus,363742,unset,EH127XA,No crossing facility within 50m or physical crossing facility not controlled by authorised person,No physical crossing facility within 50m,Elsewhere,55.9431798505,-3.2866028801,"{""type"": ""Feature"",""geometry"": {""type"": ""Point"",""coordinates"": -3.2866028801, 55.9431798505}}"
167313,,Slight,2,1,26/03/2013,Tuesday,26,March,13,13,42,S12000036,A,7,Single carriageway - 2 lanes,30,Not at or within 20 metres of junction,unset,\,,Daylight: street lights present,Fine (without high winds),Dry,None,None,No overtaking,327850,671090,568093,Segment,T.V.N.P.,363743,unset,EH165UF,No crossing facility within 50m or physical crossing facility not controlled by authorised person,No physical crossing facility within 50m,At scene,55.9275008556,-3.15482697875,"{""type"": ""Feature"",""geometry"": {""type"": ""Point"",""coordinates"": -3.15482697875, 55.9275008556}}"
167413,,Slight,2,1,26/03/2013,Tuesday,26,March,13,9,10,S12000036,B,701,Single carriageway - 2 lanes,30,'T' or staggered junction,Give way sign or markings,Unclassified,,Daylight: street lights present,Fine (without high winds),Dry,None,None,No overtaking,322120,668880,533038,Junction,T.V.N.P.,363744,unset,EH130AA,No crossing facility within 50m or physical crossing facility not controlled by authorised person,No physical crossing facility within 50m,At scene,55.9067530987,-3.24588040936,"{""type"": ""Feature"",""geometry"": {""type"": ""Point"",""coordinates"": -3.24588040936, 55.9067530987}}"
167713,,Slight,2,1,26/03/2013,Tuesday,26,March,13,11,0,S12000036,A,90,Single carriageway - 2 lanes,40,Not at or within 20 metres of junction,unset,\,,Daylight: street lights present,Unknown,Dry,None,None,No overtaking,318050,675180,555450,Segment,T.V.N.P.,363745,unset,EH46AT,No crossing facility within 50m or physical crossing facility not controlled by authorised person,"Pelican, puffin, toucan or similar non-junction pedestrian light crossing",Elsewhere,55.9626733424,-3.31288411649,"{""type"": ""Feature"",""geometry"": {""type"": ""Point"",""coordinates"": -3.31288411649, 55.9626733424}}"
167913,,Slight,2,3,26/03/2013,Tuesday,26,March,13,16,0,S12000036,C,,Single carriageway - 2 lanes,30,Crossroads,Automatic Traffic Signal,B,1350,Daylight: street lights present,Fine (without high winds),Dry,None,None,No overtaking,326920,674460,520680,Junction,T.V.N.P.,363746,unset,EH75DR,No crossing facility within 50m or physical crossing facility not controlled by authorised person,Pedestrian phase at traffic signal junction,At scene,55.9576363783,-3.17062195546,"{""type"": ""Feature"",""geometry"": {""type"": ""Point"",""coordinates"": -3.17062195546, 55.9576363783}}"
169413,,Slight,1,1,11/03/2013,Monday,11,March,13,11,25,S12000036,Unclassified,,Single carriageway - 2 lanes,30,Not at or within 20 metres of junction,unset,\,,Daylight: street lights present,Snowing (without high winds),Dry,None,None,No overtaking,325860,673780,569724,Segment,Pedestrian,363747,unset,EH11BB,No crossing facility within 50m or physical crossing facility not controlled by authorised person,"Pelican, puffin, toucan or similar non-junction pedestrian light crossing",At scene,55.9513649248,-3.18741032067,"{""type"": ""Feature"",""geometry"": {""type"": ""Point"",""coordinates"": -3.18741032067, 55.9513649248}}"
170413,,Slight,1,1,27/03/2013,Wednesday,27,March,13,21,15,S12000036,Unclassified,,Roundabout,40,Roundabout,Give way sign or markings,Unclassified,,Darkness: street lights present and lit,Fine (without high winds),Dry,None,None,No overtaking,317900,672300,9658481,Junction,S.V.N.P.,363748,unset,EH129DF,No crossing facility within 50m or physical crossing facility not controlled by authorised person,No physical crossing facility within 50m,At scene,55.9367753814,-3.31440960296,"{""type"": ""Feature"",""geometry"": {""type"": ""Point"",""coordinates"": -3.31440960296, 55.9367753814}}"
173713,,Serious,1,2,30/03/2013,Saturday,30,March,13,1,45,S12000036,Unclassified,,Single carriageway - 2 lanes,40,Not at or within 20 metres of junction,unset,\,,Darkness: no street lighting,Snowing (without high winds),Dry,None,None,No overtaking,313920,675470,0,Unset,S.V.N.P.,363749,unset,EH299EH,No crossing facility within 50m or physical crossing facility not controlled by authorised person,No physical crossing facility within 50m,At scene,55.9645561043,-3.37912060675,"{""type"": ""Feature"",""geometry"": {""type"": ""Point"",""coordinates"": -3.37912060675, 55.9645561043}}"
173913,,Slight,2,1,27/03/2013,Wednesday,27,March,13,10,50,S12000036,Unclassified,,Single carriageway - 2 lanes,30,Other junction,Give way sign or markings,C,,Daylight: street lights present,Fine (without high winds),Dry,None,None,No overtaking,326840,674130,520698,Junction,T.V.N.P.,363750,unset,EH88EB,No crossing facility within 50m or physical crossing facility not controlled by authorised person,Pedestrian phase at traffic signal junction,Elsewhere,55.954659505,-3.17181355035,"{""type"": ""Feature"",""geometry"": {""type"": ""Point"",""coordinates"": -3.17181355035, 55.954659505}}"
174113,,Slight,1,2,28/03/2013,Thursday,28,March,13,20,35,S12000036,A,720,Dual carriageway - 2 lanes,70,Not at or within 20 metres of junction,unset,\,,Darkness: no street lighting,Fine (without high winds),Dry,None,None,No overtaking,322670,668040,570552,Segment,S.V.N.P.,363751,unset,EH139QP,No crossing facility within 50m or physical crossing facility not controlled by authorised person,No physical crossing facility within 50m,At scene,55.8992953875,-3.23684394312,"{""type"": ""Feature"",""geometry"": {""type"": ""Point"",""coordinates"": -3.23684394312, 55.8992953875}}"
174213,,Slight,1,1,30/03/2013,Saturday,30,March,13,4,0,S12000036,A,199,Single carriageway - 2 lanes,40,Not at or within 20 metres of junction,unset,\,,Darkness: street lights present and lit,Fine (without high winds),Dry,None,None,No overtaking,329130,675570,563287,Segment,S.V.N.P.,363752,unset,EH151TB,No crossing facility within 50m or physical crossing facility not controlled by authorised person,No physical crossing facility within 50m,At scene,55.9679397571,-3.13552129774,"{""type"": ""Feature"",""geometry"": {""type"": ""Point"",""coordinates"": -3.13552129774, 55.9679397571}}"
174613,,Slight,2,1,01/04/2013,Monday,1,April,13,10,40,S12000036,Unclassified,,Single carriageway - 2 lanes,30,'T' or staggered junction,Give way sign or markings,Unclassified,,Daylight: street lights present,Fine (without high winds),Dry,None,None,No overtaking,325930,671080,533410,Junction,Cyclist,367457,unset,EH93HU,Control by other authorised person,Pedestrian phase at traffic signal junction,At scene,55.927119162,-3.18554829622,"{""type"": ""Feature"",""geometry"": {""type"": ""Point"",""coordinates"": -3.18554829622, 55.927119162}}"
175213,,Serious,1,1,01/04/2013,Monday,1,April,13,13,20,S12000036,Unclassified,,Single carriageway - 2 lanes,30,Not at or within 20 metres of junction,unset,\,,Daylight: street lights present,Fine (without high winds),Dry,None,None,No overtaking,326120,675780,558922,Segment,Pedestrian,367458,unset,EH65QA,No crossing facility within 50m or physical crossing facility not controlled by authorised person,No physical crossing facility within 50m,At scene,55.9693727435,-3.18379557208,"{""type"": ""Feature"",""geometry"": {""type"": ""Point"",""coordinates"": -3.18379557208, 55.9693727435}}"
177513,,Slight,1,1,01/04/2013,Monday,1,April,13,17,20,S12000036,A,71,Roundabout,30,Roundabout,Give way sign or markings,C,,Daylight: street lights present,Fine (without high winds),Dry,None,None,No overtaking,320770,671110,529501,Junction,Bus,367459,unset,EH113PA,No crossing facility within 50m or physical crossing facility not controlled by authorised person,No physical crossing facility within 50m,Elsewhere,55.9265663578,-3.26812492872,"{""type"": ""Feature"",""geometry"": {""type"": ""Point"",""coordinates"": -3.26812492872, 55.9265663578}}"
177713,,Slight,2,1,02/04/2013,Tuesday,2,April,13,10,50,S12000036,A,700,Single carriageway - 2 lanes,30,Not at or within 20 metres of junction,unset,\,,Daylight: street lights present,Fine (without high winds),Dry,None,None,No overtaking,326120,672530,559586,Segment,T.V.N.P.,367460,unset,EH91ND,No crossing facility within 50m or physical crossing facility not controlled by authorised person,"Pelican, puffin, toucan or similar non-junction pedestrian light crossing",At scene,55.9401750817,-3.18290481185,"{""type"": ""Feature"",""geometry"": {""type"": ""Point"",""coordinates"": -3.18290481185, 55.9401750817}}"
179113,,Slight,2,1,02/04/2013,Tuesday,2,April,13,22,0,S12000036,Unclassified,,Single carriageway - 2 lanes,30,Crossroads,Give way sign or markings,Unclassified,,Darkness: street lights present and lit,Fine (without high winds),Dry,None,None,No overtaking,326410,674670,12222024,Junction,T.V.N.P.,367461,unset,EH75HY,No crossing facility within 50m or physical crossing facility not controlled by authorised person,No physical crossing facility within 50m,Elsewhere,55.959445148,-3.17884672692,"{""type"": ""Feature"",""geometry"": {""type"": ""Point"",""coordinates"": -3.17884672692, 55.959445148}}"
180513,,Slight,2,2,02/04/2013,Tuesday,2,April,13,21,0,S12000036,C,,Single carriageway - 2 lanes,30,Not at or within 20 metres of junction,unset,\,,Darkness: street lights present and lit,Fine (without high winds),Dry,None,None,No overtaking,326330,673750,558221,Segment,T.V.N.P.,367462,unset,EH88BJ,No crossing facility within 50m or physical crossing facility not controlled by authorised person,No physical crossing facility within 50m,At scene,55.9511676927,-3.17987650524,"{""type"": ""Feature"",""geometry"": {""type"": ""Point"",""coordinates"": -3.17987650524, 55.9511676927}}"
181313,,Slight,1,1,01/04/2013,Monday,1,April,13,13,0,S12000036,Unclassified,,Single carriageway - 2 lanes,30,'T' or staggered junction,Give way sign or markings,Unclassified,,Daylight: street lights present,Fine (without high winds),Dry,None,None,No overtaking,327130,668810,0,Unset,Pedestrian,367463,unset,EH166NG,No crossing facility within 50m or physical crossing facility not controlled by authorised person,No physical crossing facility within 50m,At scene,55.9069087729,-3.16573367417,"{""type"": ""Feature"",""geometry"": {""type"": ""Point"",""coordinates"": -3.16573367417, 55.9069087729}}"
181413,,Slight,2,1,03/04/2013,Wednesday,3,April,13,19,20,S12000036,A,7,Single carriageway - 2 lanes,30,Not at or within 20 metres of junction,unset,\,,Daylight: street lights present,Fine (without high winds),Dry,None,None,No overtaking,325980,673510,0,Unset,Cyclist,367464,unset,EH11LL,No crossing facility within 50m or physical crossing facility not controlled by authorised person,No physical crossing facility within 50m,At scene,55.9489577724,-3.1854147693,"{""type"": ""Feature"",""geometry"": {""type"": ""Point"",""coordinates"": -3.1854147693, 55.9489577724}}"