acc_ref,beat_no,severity,no_vehicle,no_casualt,a_date,a_day,a_date_day,a_date_mon,a_date_yr,a_time_hr,a_time_min,loc_auth,road1_class,road1_no,road_type,speed_limi,junc_det,junc_ctrl,road2_class,road2_no,light_cond,weather,road_surf,spec_cond,cway_hzrds,ovrtk_patrn,easting,northing,net_id,net_type,acc_type,text_id,division,Postcode,ped_xing_hc,ped_xing_p,place_reported,latitude,longitude,geojson
182313,,Slight,2,1,04/04/2013,Thursday,4,April,13,11,45,S12000036,A,8,Single carriageway - 2 lanes,30,'T' or staggered junction,Give way sign or markings,Unclassified,,Daylight: street lights present,Fine (without high winds),Dry,None,None,No overtaking,319630,672990,521694,Junction,Bus,367465,unset,EH128BE,No crossing facility within 50m or physical crossing facility not controlled by authorised person,"Pelican, puffin, toucan or similar non-junction pedestrian light crossing",At scene,55.9432663425,-3.28692601825,"{""type"": ""Feature"",""geometry"": {""type"": ""Point"",""coordinates"": -3.28692601825, 55.9432663425}}"
183513,,Slight,2,1,04/04/2013,Thursday,4,April,13,20,15,S12000036,C,,Single carriageway - 2 lanes,30,Not at or within 20 metres of junction,unset,\,,Darkness: street lights present and lit,Fine (without high winds),Dry,None,None,No overtaking,322280,676650,0,Unset,T.V.N.P.,367466,unset,EH51QW,No crossing facility within 50m or physical crossing facility not controlled by authorised person,No physical crossing facility within 50m,At scene,55.976582402,-3.24555992274,"{""type"": ""Feature"",""geometry"": {""type"": ""Point"",""coordinates"": -3.24555992274, 55.976582402}}"
185613,,Slight,3,1,05/04/2013,Friday,5,April,13,12,55,S12000036,A,1140,Single carriageway - 2 lanes,30,Not at or within 20 metres of junction,unset,\,,Daylight: street lights present,Fine (without high winds),Dry,Road works present,None,No overtaking,328910,674220,554891,Segment,Cyclist,367467,unset,EH87BW,No crossing facility within 50m or physical crossing facility not controlled by authorised person,No physical crossing facility within 50m,At scene,55.9557788038,-3.13868929051,"{""type"": ""Feature"",""geometry"": {""type"": ""Point"",""coordinates"": -3.13868929051, 55.9557788038}}"
187013,,Slight,1,1,07/04/2013,Sunday,7,April,13,12,35,S12000036,A,900,Single carriageway - 2 lanes,30,'T' or staggered junction,Give way sign or markings,Unclassified,,Daylight: street lights present,Fine (without high winds),Dry,None,None,No overtaking,326710,675400,519885,Junction,Bus,367468,unset,EH68NY,No crossing facility within 50m or physical crossing facility not controlled by authorised person,"Pelican, puffin, toucan or similar non-junction pedestrian light crossing",At scene,55.9660492683,-3.17424071069,"{""type"": ""Feature"",""geometry"": {""type"": ""Point"",""coordinates"": -3.17424071069, 55.9660492683}}"
187313,,Slight,2,1,07/04/2013,Sunday,7,April,13,13,30,S12000036,A,720,Dual carriageway - 2 lanes,70,Not at or within 20 metres of junction,unset,\,,Daylight: street lights present,Fine (without high winds),Dry,None,None,No overtaking,326400,667110,2588141,Segment,T.V.N.P.,367469,unset,EH107EA,No crossing facility within 50m or physical crossing facility not controlled by authorised person,No physical crossing facility within 50m,Elsewhere,55.8915249076,-3.17694651008,"{""type"": ""Feature"",""geometry"": {""type"": ""Point"",""coordinates"": -3.17694651008, 55.8915249076}}"
187613,,Slight,2,1,07/04/2013,Sunday,7,April,13,21,0,S12000036,Unclassified,,Roundabout,30,Roundabout,Authorised Person,Unclassified,,Darkness: street lights present and lit,Fine (without high winds),Dry,None,None,No overtaking,328130,674940,523299,Junction,T.V.N.P.,367470,unset,EH76EH,No crossing facility within 50m or physical crossing facility not controlled by authorised person,No physical crossing facility within 50m,Elsewhere,55.9621312327,-3.15137219607,"{""type"": ""Feature"",""geometry"": {""type"": ""Point"",""coordinates"": -3.15137219607, 55.9621312327}}"
188713,,Slight,1,1,08/04/2013,Monday,8,April,13,1,6,S12000036,Unclassified,,Single carriageway - 2 lanes,30,Not at or within 20 metres of junction,unset,\,,Darkness: street lights present but unlit,Fine (without high winds),Dry,None,None,No overtaking,326580,672760,0,Unset,S.V.N.P.,367471,unset,EH165XP,No crossing facility within 50m or physical crossing facility not controlled by authorised person,No physical crossing facility within 50m,At scene,55.9423118618,-3.17560401756,"{""type"": ""Feature"",""geometry"": {""type"": ""Point"",""coordinates"": -3.17560401756, 55.9423118618}}"
190313,,Slight,2,1,09/04/2013,Tuesday,9,April,13,8,29,S12000036,A,8,Single carriageway - 2 lanes,30,Not at or within 20 metres of junction,unset,\,,Daylight: street lights present,Fine (without high winds),Dry,None,None,No overtaking,320300,672870,550701,Segment,Cyclist,367472,unset,EH126NZ,No crossing facility within 50m or physical crossing facility not controlled by authorised person,No physical crossing facility within 50m,At scene,55.9422998678,-3.27616518381,"{""type"": ""Feature"",""geometry"": {""type"": ""Point"",""coordinates"": -3.27616518381, 55.9422998678}}"
190413,,Slight,1,1,09/04/2013,Tuesday,9,April,13,14,15,S12000036,C,,Single carriageway - 2 lanes,30,Not at or within 20 metres of junction,unset,\,,Darkness: street lights present but unlit,Fine (without high winds),Dry,None,None,No overtaking,325370,673920,566717,Segment,Pedestrian,367473,unset,EH22DL,No crossing facility within 50m or physical crossing facility not controlled by authorised person,Pedestrian phase at traffic signal junction,At scene,55.9525468149,-3.19529489481,"{""type"": ""Feature"",""geometry"": {""type"": ""Point"",""coordinates"": -3.19529489481, 55.9525468149}}"
190513,,Slight,1,1,26/03/2013,Tuesday,26,March,13,17,45,S12000036,Unclassified,,Single carriageway - 2 lanes,30,'T' or staggered junction,Give way sign or markings,Unclassified,,Daylight: street lights present,Fine (without high winds),Dry,None,None,No overtaking,322670,671490,529573,Junction,Pedestrian,363753,unset,EH141PT,No crossing facility within 50m or physical crossing facility not controlled by authorised person,No physical crossing facility within 50m,At scene,55.9302894127,-3.23783116874,"{""type"": ""Feature"",""geometry"": {""type"": ""Point"",""coordinates"": -3.23783116874, 55.9302894127}}"
190613,,Slight,1,1,09/04/2013,Tuesday,9,April,13,13,27,S12000036,A,7,Single carriageway - 2 lanes,30,Not at or within 20 metres of junction,unset,\,,Daylight: street lights present,Fine (without high winds),Dry,None,None,No overtaking,326020,673360,569291,Segment,Bus,367474,unset,EH11LS,No crossing facility within 50m or physical crossing facility not controlled by authorised person,No physical crossing facility within 50m,Elsewhere,55.9476163466,-3.18473318103,"{""type"": ""Feature"",""geometry"": {""type"": ""Point"",""coordinates"": -3.18473318103, 55.9476163466}}"
190813,,Slight,2,1,09/04/2013,Tuesday,9,April,13,14,10,S12000036,Unclassified,,Single carriageway - 2 lanes,30,Other junction,Automatic Traffic Signal,Unclassified,,Daylight: street lights present,Fine (without high winds),Dry,None,None,No overtaking,326230,674690,520260,Junction,Cyclist,367475,unset,EH74AE,No crossing facility within 50m or physical crossing facility not controlled by authorised person,Pedestrian phase at traffic signal junction,Elsewhere,55.9595972181,-3.18173495382,"{""type"": ""Feature"",""geometry"": {""type"": ""Point"",""coordinates"": -3.18173495382, 55.9595972181}}"
190913,,Slight,2,1,10/04/2013,Wednesday,10,April,13,8,15,S12000036,A,8,Single carriageway - 2 lanes,30,'T' or staggered junction,Give way sign or markings,Unclassified,,Daylight: street lights present,Fine (without high winds),Dry,None,None,No overtaking,323960,673210,521295,Junction,Cyclist,367476,unset,EH125DR,No crossing facility within 50m or physical crossing facility not controlled by authorised person,No physical crossing facility within 50m,Elsewhere,55.9459472633,-3.21767194906,"{""type"": ""Feature"",""geometry"": {""type"": ""Point"",""coordinates"": -3.21767194906, 55.9459472633}}"
191013,,Slight,2,1,10/04/2013,Wednesday,10,April,13,9,20,S12000036,C,,Single carriageway - 2 lanes,30,Crossroads,Automatic Traffic Signal,Unclassified,,Daylight: street lights present,Raining (without high winds),Dry,None,None,No overtaking,320510,671730,522135,Junction,Cyclist,367477,unset,EH113NR,No crossing facility within 50m or physical crossing facility not controlled by authorised person,Pedestrian phase at traffic signal junction,Elsewhere,55.9320933118,-3.27246777413,"{""type"": ""Feature"",""geometry"": {""type"": ""Point"",""coordinates"": -3.27246777413, 55.9320933118}}"
192313,,Slight,2,1,10/04/2013,Wednesday,10,April,13,17,30,S12000036,A,1,Single carriageway - 2 lanes,40,Not at or within 20 metres of junction,unset,\,,Daylight: street lights present,Fine (without high winds),Dry,None,None,No overtaking,331030,672900,2106196,Segment,T.V.N.P.,367478,unset,EH153AZ,No crossing facility within 50m or physical crossing facility not controlled by authorised person,No physical crossing facility within 50m,At scene,55.9442287374,-3.10440159907,"{""type"": ""Feature"",""geometry"": {""type"": ""Point"",""coordinates"": -3.10440159907, 55.9442287374}}"
194213,,Slight,1,1,11/04/2013,Thursday,11,April,13,15,20,S12000036,C,,Single carriageway - 2 lanes,30,Other junction,Give way sign or markings,Unclassified,,Daylight: street lights present,Fine (without high winds),Dry,None,None,No overtaking,325780,673620,520944,Junction,Pedestrian,367479,unset,EH11PW,No crossing facility within 50m or physical crossing facility not controlled by authorised person,No physical crossing facility within 50m,At scene,55.9499151536,-3.18864723047,"{""type"": ""Feature"",""geometry"": {""type"": ""Point"",""coordinates"": -3.18864723047, 55.9499151536}}"
194413,,Slight,2,1,11/04/2013,Thursday,11,April,13,9,15,S12000036,A,71,Single carriageway - 2 lanes,30,'T' or staggered junction,Give way sign or markings,Unclassified,,Daylight: street lights present,Fine (without high winds),Dry,None,None,No overtaking,322430,672010,5981813,Junction,Cyclist,367480,unset,EH112SX,No crossing facility within 50m or physical crossing facility not controlled by authorised person,No physical crossing facility within 50m,At scene,55.9349223032,-3.24182129564,"{""type"": ""Feature"",""geometry"": {""type"": ""Point"",""coordinates"": -3.24182129564, 55.9349223032}}"
194913,,Slight,1,1,12/03/2013,Tuesday,12,March,13,13,15,S12000036,C,,Single carriageway - 2 lanes,30,Roundabout,Give way sign or markings,C,,Daylight: street lights present,Fine (without high winds),Dry,None,None,No overtaking,325120,673970,521064,Junction,Pedestrian,363754,unset,EH23BU,No crossing facility within 50m or physical crossing facility not controlled by authorised person,Zebra crossing,Elsewhere,55.9529571138,-3.19931186727,"{""type"": ""Feature"",""geometry"": {""type"": ""Point"",""coordinates"": -3.19931186727, 55.9529571138}}"
195213,,Slight,1,1,12/04/2013,Friday,12,April,13,12,0,S12000036,A,900,Roundabout,30,Roundabout,Give way sign or markings,C,,Daylight: street lights present,Fine (without high winds),Dry,None,None,No overtaking,326000,674330,520620,Junction,Bus,367481,unset,EH13JT,No crossing facility within 50m or physical crossing facility not controlled by authorised person,Pedestrian phase at traffic signal junction,At scene,55.9563276447,-3.18531963083,"{""type"": ""Feature"",""geometry"": {""type"": ""Point"",""coordinates"": -3.18531963083, 55.9563276447}}"
195313,,Slight,1,1,12/04/2013,Friday,12,April,13,16,0,S12000036,C,,Single carriageway - 2 lanes,30,Not at or within 20 metres of junction,unset,\,,Daylight: street lights present,Fine (without high winds),Dry,None,None,No overtaking,321930,676550,518968,Junction,Bus,367482,unset,EH44JL,No crossing facility within 50m or physical crossing facility not controlled by authorised person,"Pelican, puffin, toucan or similar non-junction pedestrian light crossing",At scene,55.9756272493,-3.25113860665,"{""type"": ""Feature"",""geometry"": {""type"": ""Point"",""coordinates"": -3.25113860665, 55.9756272493}}"
195813,,Slight,2,1,12/04/2013,Friday,12,April,13,21,15,S12000036,A,900,Single carriageway - 2 lanes,30,'T' or staggered junction,Give way sign or markings,Unclassified,,Darkness: street lights present and lit,Raining (without high winds),Dry,None,None,No overtaking,326490,675020,523233,Junction,T.V.N.P.,367483,unset,EH75HN,No crossing facility within 50m or physical crossing facility not controlled by authorised person,No physical crossing facility within 50m,At scene,55.9626017633,-3.17766098774,"{""type"": ""Feature"",""geometry"": {""type"": ""Point"",""coordinates"": -3.17766098774, 55.9626017633}}"
196913,,Slight,2,1,13/04/2013,Saturday,13,April,13,11,10,S12000036,A,902,Roundabout,30,Roundabout,Give way sign or markings,A,902,Daylight: street lights present,Fine (without high winds),Dry,None,None,No overtaking,322920,675720,519406,Junction,T.V.N.P.,367484,unset,EH42PW,No crossing facility within 50m or physical crossing facility not controlled by authorised person,"Pelican, puffin, toucan or similar non-junction pedestrian light crossing",At scene,55.9683307453,-3.23503958492,"{""type"": ""Feature"",""geometry"": {""type"": ""Point"",""coordinates"": -3.23503958492, 55.9683307453}}"
197113,,Slight,2,1,23/03/2013,Saturday,23,March,13,11,25,S12000036,Unclassified,,Single carriageway - 2 lanes,20,Not at or within 20 metres of junction,unset,\,,Daylight: street lights present,Fine (without high winds),Dry,None,None,No overtaking,321040,670400,0,Unset,T.V.N.P.,363755,unset,EH142EE,No crossing facility within 50m or physical crossing facility not controlled by authorised person,No physical crossing facility within 50m,At scene,55.9202323506,-3.26359703314,"{""type"": ""Feature"",""geometry"": {""type"": ""Point"",""coordinates"": -3.26359703314, 55.9202323506}}"
197413,,Slight,2,2,13/04/2013,Saturday,13,April,13,12,5,S12000036,Unclassified,,Single carriageway - 2 lanes,30,Crossroads,Give way sign or markings,Unclassified,,Daylight: street lights present,Fine (without high winds),Dry,None,None,No overtaking,324520,670700,529816,Junction,T.V.N.P.,367485,unset,EH106AF,No crossing facility within 50m or physical crossing facility not controlled by authorised person,No physical crossing facility within 50m,At scene,55.9234860875,-3.20800465395,"{""type"": ""Feature"",""geometry"": {""type"": ""Point"",""coordinates"": -3.20800465395, 55.9234860875}}"
197813,,Slight,2,2,13/04/2013,Saturday,13,April,13,8,35,S12000036,C,,Single carriageway - 2 lanes,30,'T' or staggered junction,Give way sign or markings,Unclassified,,Daylight: street lights present,Fine (without high winds),Dry,None,None,No overtaking,320870,670990,530458,Junction,T.V.N.P.,367486,unset,EH142AW,No crossing facility within 50m or physical crossing facility not controlled by authorised person,No physical crossing facility within 50m,At scene,55.9255047809,-3.26648964463,"{""type"": ""Feature"",""geometry"": {""type"": ""Point"",""coordinates"": -3.26648964463, 55.9255047809}}"
198113,,Slight,3,1,15/04/2013,Monday,15,April,13,19,46,S12000036,A,199,Single carriageway - 2 lanes,30,Not at or within 20 metres of junction,unset,\,,Daylight: street lights present,Fine (without high winds),Dry,None,None,No overtaking,327870,676210,563260,Segment,M.V.N.P.,367487,unset,EH67LA,No crossing facility within 50m or physical crossing facility not controlled by authorised person,No physical crossing facility within 50m,At scene,55.9735018963,-3.15587661627,"{""type"": ""Feature"",""geometry"": {""type"": ""Point"",""coordinates"": -3.15587661627, 55.9735018963}}"
198213,,Slight,2,2,15/04/2013,Monday,15,April,13,16,50,S12000036,A,6095,Single carriageway - 2 lanes,30,Using private drive or entrance,Give way sign or markings,Unclassified,,Daylight: street lights present,Fine (without high winds),Dry,None,None,No overtaking,330290,671780,553888,Segment,T.V.N.P.,367488,unset,EH153HG,No crossing facility within 50m or physical crossing facility not controlled by authorised person,Central refuge - no other controls,At scene,55.9340597585,-3.11595918508,"{""type"": ""Feature"",""geometry"": {""type"": ""Point"",""coordinates"": -3.11595918508, 55.9340597585}}"
198913,,Slight,2,1,13/04/2013,Saturday,13,April,13,12,0,S12000036,Unclassified,,Single carriageway - 2 lanes,30,Roundabout,Give way sign or markings,Unclassified,,Daylight: street lights present,Fine (without high winds),Dry,None,None,No overtaking,331030,671640,530053,Junction,T.V.N.P.,367489,unset,EH153HP,No crossing facility within 50m or physical crossing facility not controlled by authorised person,No physical crossing facility within 50m,Elsewhere,55.9329086865,-3.10407953816,"{""type"": ""Feature"",""geometry"": {""type"": ""Point"",""coordinates"": -3.10407953816, 55.9329086865}}"
199113,,Slight,2,1,16/04/2013,Tuesday,16,April,13,17,45,S12000036,A,701,Roundabout,40,Roundabout,Give way sign or markings,A,720,Daylight: street lights present,Fine with high winds,Dry,None,None,No overtaking,327420,666990,2587878,Junction,Cyclist,367490,unset,EH178SG,No crossing facility within 50m or physical crossing facility not controlled by authorised person,No physical crossing facility within 50m,At scene,55.8906016184,-3.16060717386,"{""type"": ""Feature"",""geometry"": {""type"": ""Point"",""coordinates"": -3.16060717386, 55.8906016184}}"
199213,,Slight,2,3,15/04/2013,Monday,15,April,13,20,45,S12000036,Unclassified,,Single carriageway - 2 lanes,30,Not at or within 20 metres of junction,unset,\,,Daylight: street lights present,Raining (without high winds),Dry,None,None,No overtaking,331040,671470,0,Unset,T.V.N.P.,367491,unset,EH153HW,No crossing facility within 50m or physical crossing facility not controlled by authorised person,No physical crossing facility within 50m,Elsewhere,55.9313828104,-3.10387606175,"{""type"": ""Feature"",""geometry"": {""type"": ""Point"",""coordinates"": -3.10387606175, 55.9313828104}}"
199513,,Slight,2,1,16/04/2013,Tuesday,16,April,13,17,40,S12000036,Unclassified,,Dual carriageway - 2 lanes,40,Slip road,Give way sign or markings,C,,Daylight: street lights present,Fine (without high winds),Dry,None,None,No overtaking,313140,672640,517543,Junction,T.V.N.P.,367492,unset,EH288TB,No crossing facility within 50m or physical crossing facility not controlled by authorised person,No physical crossing facility within 50m,At scene,55.9389933148,-3.39070143009,"{""type"": ""Feature"",""geometry"": {""type"": ""Point"",""coordinates"": -3.39070143009, 55.9389933148}}"
200413,,Slight,2,1,16/04/2013,Tuesday,16,April,13,17,55,S12000036,C,,Single carriageway - 2 lanes,30,Crossroads,Automatic Traffic Signal,Unclassified,,Daylight: street lights present,Fine (without high winds),Dry,None,None,No overtaking,326640,671360,531451,Junction,Cyclist,367493,unset,EH93AF,No crossing facility within 50m or physical crossing facility not controlled by authorised person,Pedestrian phase at traffic signal junction,Elsewhere,55.9297434895,-3.17426296272,"{""type"": ""Feature"",""geometry"": {""type"": ""Point"",""coordinates"": -3.17426296272, 55.9297434895}}"
200913,,Slight,1,1,17/04/2013,Wednesday,17,April,13,9,35,S12000036,Unclassified,,Single carriageway - 2 lanes,30,Roundabout,Give way sign or markings,C,,Daylight: street lights present,Raining (without high winds),Dry,None,None,No overtaking,326760,673930,521178,Junction,Pedestrian,367494,unset,EH88DU,No crossing facility within 50m or physical crossing facility not controlled by authorised person,Central refuge - no other controls,Elsewhere,55.9528505309,-3.17304028151,"{""type"": ""Feature"",""geometry"": {""type"": ""Point"",""coordinates"": -3.17304028151, 55.9528505309}}"
201313,,Slight,3,1,17/04/2013,Wednesday,17,April,13,10,0,S12000036,A,902,Single carriageway - 2 lanes,30,Not at or within 20 metres of junction,unset,\,,Daylight: street lights present,Raining (without high winds),Dry,None,None,No overtaking,322100,674880,563694,Segment,M.V.N.P.,367495,unset,EH42DD,No crossing facility within 50m or physical crossing facility not controlled by authorised person,No physical crossing facility within 50m,At scene,55.9606521503,-3.2479319135,"{""type"": ""Feature"",""geometry"": {""type"": ""Point"",""coordinates"": -3.2479319135, 55.9606521503}}"
201413,,Slight,2,1,17/04/2013,Wednesday,17,April,13,14,15,S12000036,Unclassified,,Single carriageway - 2 lanes,30,Crossroads,Give way sign or markings,Unclassified,,Daylight: street lights present,Raining (without high winds),Dry,None,None,No overtaking,326620,672020,522105,Junction,Bus,367496,unset,EH92BS,No crossing facility within 50m or physical crossing facility not controlled by authorised person,No physical crossing facility within 50m,Elsewhere,55.9356698493,-3.17476244196,"{""type"": ""Feature"",""geometry"": {""type"": ""Point"",""coordinates"": -3.17476244196, 55.9356698493}}"
201513,,Slight,2,1,17/04/2013,Wednesday,17,April,13,17,30,S12000036,Unclassified,,Single carriageway - 2 lanes,30,Not at or within 20 metres of junction,unset,\,,Daylight: street lights present,Fine (without high winds),Dry,None,None,No overtaking,323140,675770,563634,Segment,T.V.N.P.,367497,unset,EH42NY,No crossing facility within 50m or physical crossing facility not controlled by authorised person,No physical crossing facility within 50m,At scene,55.9688151922,-3.23152974924,"{""type"": ""Feature"",""geometry"": {""type"": ""Point"",""coordinates"": -3.23152974924, 55.9688151922}}"
201613,,Slight,1,1,17/04/2013,Wednesday,17,April,13,22,10,S12000036,A,7,Single carriageway - 2 lanes,30,'T' or staggered junction,Automatic Traffic Signal,Unclassified,,Darkness: no street lighting,Raining with high winds,Dry,None,None,No overtaking,325990,673440,521589,Junction,Pedestrian,367498,unset,EH11HR,No crossing facility within 50m or physical crossing facility not controlled by authorised person,Pedestrian phase at traffic signal junction,At scene,55.9483304396,-3.18523544805,"{""type"": ""Feature"",""geometry"": {""type"": ""Point"",""coordinates"": -3.18523544805, 55.9483304396}}"
201713,,Serious,1,1,17/04/2013,Wednesday,17,April,13,14,30,S12000036,Unclassified,,Single carriageway - 2 lanes,30,Not at or within 20 metres of junction,unset,\,,Daylight: street lights present,Raining (without high winds),Dry,None,None,No overtaking,321750,670860,564611,Segment,Pedestrian,367499,unset,EH142ER,No crossing facility within 50m or physical crossing facility not controlled by authorised person,No physical crossing facility within 50m,At scene,55.9244808643,-3.25237122705,"{""type"": ""Feature"",""geometry"": {""type"": ""Point"",""coordinates"": -3.25237122705, 55.9244808643}}"
201913,,Slight,1,1,17/04/2013,Wednesday,17,April,13,21,10,S12000036,B,701,Single carriageway - 2 lanes,30,Not at or within 20 metres of junction,unset,\,,Daylight: street lights present,Fine with high winds,Dry,None,None,No overtaking,319280,673170,551735,Segment,Bus,367500,unset,EH128DT,No crossing facility within 50m or physical crossing facility not controlled by authorised person,No physical crossing facility within 50m,Elsewhere,55.9448247326,-3.29258266373,"{""type"": ""Feature"",""geometry"": {""type"": ""Point"",""coordinates"": -3.29258266373, 55.9448247326}}"
202013,,Slight,3,1,18/04/2013,Thursday,18,April,13,9,45,S12000036,C,,Single carriageway - 2 lanes,30,'T' or staggered junction,Give way sign or markings,Unclassified,,Daylight: street lights present,Fine (without high winds),Dry,None,None,No overtaking,320560,671590,522147,Junction,M.V.N.P.,367501,unset,EH113LY,No crossing facility within 50m or physical crossing facility not controlled by authorised person,Central refuge - no other controls,At scene,55.9308438656,-3.27162640323,"{""type"": ""Feature"",""geometry"": {""type"": ""Point"",""coordinates"": -3.27162640323, 55.9308438656}}"
203213,,Slight,1,1,05/04/2013,Friday,5,April,13,16,30,S12000036,A,903,Single carriageway - 2 lanes,30,Not at or within 20 metres of junction,unset,\,,Daylight: street lights present,Fine (without high winds),Dry,None,None,No overtaking,324250,676390,559745,Segment,Pedestrian,367502,unset,EH53RE,No crossing facility within 50m or physical crossing facility not controlled by authorised person,Central refuge - no other controls,At scene,55.9745615054,-3.2139231311,"{""type"": ""Feature"",""geometry"": {""type"": ""Point"",""coordinates"": -3.2139231311, 55.9745615054}}"
203413,,Serious,1,1,19/04/2013,Friday,19,April,13,11,25,S12000036,A,7,Single carriageway - 2 lanes,30,Other junction,Automatic Traffic Signal,A,700,Daylight: street lights present,Fine (without high winds),Dry,None,None,No overtaking,326410,672430,532786,Junction,Bus,367503,unset,EH89PT,No crossing facility within 50m or physical crossing facility not controlled by authorised person,Pedestrian phase at traffic signal junction,At scene,55.9393211686,-3.17823540608,"{""type"": ""Feature"",""geometry"": {""type"": ""Point"",""coordinates"": -3.17823540608, 55.9393211686}}"
203513,,Slight,2,1,17/04/2013,Wednesday,17,April,13,10,30,S12000036,A,7,Single carriageway - 2 lanes,30,Other junction,Give way sign or markings,Unclassified,,Daylight: street lights present,Raining (without high winds),Dry,None,None,No overtaking,326200,672850,532699,Junction,T.V.N.P.,367504,unset,EH89EZ,No crossing facility within 50m or physical crossing facility not controlled by authorised person,Central refuge - no other controls,At scene,55.9430622242,-3.18171176293,"{""type"": ""Feature"",""geometry"": {""type"": ""Point"",""coordinates"": -3.18171176293, 55.9430622242}}"
203713,,Slight,2,1,16/04/2013,Tuesday,16,April,13,15,30,S12000036,Unclassified,,Single carriageway - 2 lanes,30,Not at or within 20 metres of junction,unset,\,,Daylight: street lights present,Fine with high winds,Dry,None,None,No overtaking,320910,671890,565352,Segment,Cyclist,367505,unset,EH113NR,No crossing facility within 50m or physical crossing facility not controlled by authorised person,No physical crossing facility within 50m,Elsewhere,55.9335966498,-3.26611325744,"{""type"": ""Feature"",""geometry"": {""type"": ""Point"",""coordinates"": -3.26611325744, 55.9335966498}}"
204513,,Slight,1,1,09/04/2013,Tuesday,9,April,13,21,40,S12000036,A,7,Single carriageway - 2 lanes,30,'T' or staggered junction,Automatic Traffic Signal,Unclassified,,Darkness: street lights present and lit,Fine (without high winds),Dry,None,None,No overtaking,325990,673440,521589,Junction,Pedestrian,367506,unset,EH11HR,No crossing facility within 50m or physical crossing facility not controlled by authorised person,Pedestrian phase at traffic signal junction,Elsewhere,55.9483304396,-3.18523544805,"{""type"": ""Feature"",""geometry"": {""type"": ""Point"",""coordinates"": -3.18523544805, 55.9483304396}}"
204813,,Slight,2,1,04/01/2013,Friday,4,January,13,17,45,S12000036,A,71,Roundabout,40,Roundabout,Give way sign or markings,C,,Darkness: street lights present and lit,Fine (without high winds),Dry,None,None,No overtaking,318030,670230,0,Unset,Cyclist,366937,unset,EH144AW,No crossing facility within 50m or physical crossing facility not controlled by authorised person,No physical crossing facility within 50m,Elsewhere,55.9182017253,-3.31170055706,"{""type"": ""Feature"",""geometry"": {""type"": ""Point"",""coordinates"": -3.31170055706, 55.9182017253}}"
205513,,Serious,1,1,19/04/2013,Friday,19,April,13,17,30,S12000036,Unclassified,,Dual carriageway - 2 lanes,30,Not at or within 20 metres of junction,unset,\,,Daylight: street lights present,Fine (without high winds),Dry,None,None,No overtaking,321230,676310,557341,Segment,Pedestrian,367507,unset,EH44SJ,No crossing facility within 50m or physical crossing facility not controlled by authorised person,No physical crossing facility within 50m,Elsewhere,55.9733568459,-3.26228343661,"{""type"": ""Feature"",""geometry"": {""type"": ""Point"",""coordinates"": -3.26228343661, 55.9733568459}}"
207013,,Slight,1,1,17/04/2013,Wednesday,17,April,13,9,20,S12000036,B,900,Single carriageway - 2 lanes,30,Not at or within 20 metres of junction,unset,\,,Daylight: street lights present,Unknown,Dry,None,None,No overtaking,323600,674640,554180,Segment,Pedestrian,367508,unset,EH41AF,Control by other authorised person,Pedestrian phase at traffic signal junction,At scene,55.9587369598,-3.2238405987,"{""type"": ""Feature"",""geometry"": {""type"": ""Point"",""coordinates"": -3.2238405987, 55.9587369598}}"
210713,,Slight,1,1,18/04/2013,Thursday,18,April,13,18,15,S12000036,A,7,Single carriageway - 2 lanes,30,Crossroads,Give way sign or markings,Unclassified,,Daylight: street lights present,Fine (without high winds),Dry,Road works present,Pedestrian in carriageway - not injured,No overtaking,326020,673330,521586,Junction,Pedestrian,367509,unset,EH89AA,No crossing facility within 50m or physical crossing facility not controlled by authorised person,"Pelican, puffin, toucan or similar non-junction pedestrian light crossing",At scene,55.9473468295,-3.18472495131,"{""type"": ""Feature"",""geometry"": {""type"": ""Point"",""coordinates"": -3.18472495131, 55.9473468295}}"
211113,,Slight,3,2,20/04/2013,Saturday,20,April,13,12,30,S12000036,A,1,Single carriageway - 2 lanes,30,Crossroads,Give way sign or markings,Unclassified,,Daylight: street lights present,Fine (without high winds),Dry,None,None,No overtaking,329400,672870,523716,Junction,M.V.N.P.,367510,unset,EH151ST,No crossing facility within 50m or physical crossing facility not controlled by authorised person,No physical crossing facility within 50m,At scene,55.9437225623,-3.13048893427,"{""type"": ""Feature"",""geometry"": {""type"": ""Point"",""coordinates"": -3.13048893427, 55.9437225623}}"