acc_ref,beat_no,severity,no_vehicle,no_casualt,a_date,a_day,a_date_day,a_date_mon,a_date_yr,a_time_hr,a_time_min,loc_auth,road1_class,road1_no,road_type,speed_limi,junc_det,junc_ctrl,road2_class,road2_no,light_cond,weather,road_surf,spec_cond,cway_hzrds,ovrtk_patrn,easting,northing,net_id,net_type,acc_type,text_id,division,Postcode,ped_xing_hc,ped_xing_p,place_reported,latitude,longitude,geojson
211813,,Slight,2,1,03/04/2013,Wednesday,3,April,13,18,11,S12000036,A,1,Single carriageway - 2 lanes,30,Crossroads,Automatic Traffic Signal,C,,Daylight: street lights present,Fine (without high winds),Dry,None,None,No overtaking,326900,674320,520689,Junction,T.V.N.P.,367511,unset,EH75AN,No crossing facility within 50m or physical crossing facility not controlled by authorised person,Pedestrian phase at traffic signal junction,At scene,55.956375585,-3.17090427598,"{""type"": ""Feature"",""geometry"": {""type"": ""Point"",""coordinates"": -3.17090427598, 55.956375585}}"
213613,,Slight,1,1,20/04/2013,Saturday,20,April,13,14,20,S12000036,Unclassified,,One way Street,30,Crossroads,Automatic Traffic Signal,Unclassified,,Daylight: street lights present,Fine (without high winds),Dry,Road works present,None,No overtaking,324200,673330,521319,Junction,Pedestrian,367512,unset,EH125DS,No crossing facility within 50m or physical crossing facility not controlled by authorised person,Pedestrian phase at traffic signal junction,At scene,55.9470632304,-3.21386339015,"{""type"": ""Feature"",""geometry"": {""type"": ""Point"",""coordinates"": -3.21386339015, 55.9470632304}}"
213713,,Slight,1,1,19/04/2013,Friday,19,April,13,17,0,S12000036,Unclassified,,Dual carriageway - 2 lanes,30,Not at or within 20 metres of junction,unset,\,,Daylight: street lights present,Fine (without high winds),Dry,None,None,No overtaking,326180,674620,520254,Junction,Pedestrian,367513,unset,EH74AB,No crossing facility within 50m or physical crossing facility not controlled by authorised person,"Pelican, puffin, toucan or similar non-junction pedestrian light crossing",At scene,55.9589606649,-3.18251654554,"{""type"": ""Feature"",""geometry"": {""type"": ""Point"",""coordinates"": -3.18251654554, 55.9589606649}}"
214013,,Slight,2,2,15/04/2013,Monday,15,April,13,11,59,S12000036,A,8,Dual carriageway - 2 lanes,40,Other junction,Automatic Traffic Signal,Unclassified,,Daylight: street lights present,Other,Dry,None,None,No overtaking,318030,672740,521643,Junction,T.V.N.P.,367514,unset,EH128LS,No crossing facility within 50m or physical crossing facility not controlled by authorised person,No physical crossing facility within 50m,Elsewhere,55.9407502928,-3.31246259916,"{""type"": ""Feature"",""geometry"": {""type"": ""Point"",""coordinates"": -3.31246259916, 55.9407502928}}"
214213,,Slight,2,1,22/04/2013,Monday,22,April,13,11,0,S12000036,A,901,Single carriageway - 2 lanes,30,Crossroads,Automatic Traffic Signal,Unclassified,,Daylight: street lights present,Fine with high winds,Dry,None,None,No overtaking,326520,676450,531376,Junction,T.V.N.P.,367515,unset,EH66HN,No crossing facility within 50m or physical crossing facility not controlled by authorised person,Pedestrian phase at traffic signal junction,At scene,55.9754533226,-3.17757065417,"{""type"": ""Feature"",""geometry"": {""type"": ""Point"",""coordinates"": -3.17757065417, 55.9754533226}}"
214413,,Slight,1,1,19/04/2013,Friday,19,April,13,17,0,S12000036,A,7,Single carriageway - 2 lanes,30,Crossroads,Automatic Traffic Signal,C,,Daylight: street lights present,Unknown,Dry,None,None,No overtaking,325940,673650,521103,Junction,Pedestrian,367516,unset,EH11LL,No crossing facility within 50m or physical crossing facility not controlled by authorised person,Pedestrian phase at traffic signal junction,Elsewhere,55.9502093551,-3.18609365861,"{""type"": ""Feature"",""geometry"": {""type"": ""Point"",""coordinates"": -3.18609365861, 55.9502093551}}"
214613,,Slight,2,1,21/04/2013,Sunday,21,April,13,17,15,S12000036,Unclassified,,Roundabout,30,Roundabout,Give way sign or markings,Unclassified,,Daylight: street lights present,Other,Dry,None,None,No overtaking,328120,674930,523302,Junction,T.V.N.P.,367517,unset,EH76EG,No crossing facility within 50m or physical crossing facility not controlled by authorised person,No physical crossing facility within 50m,Elsewhere,55.9620398965,-3.15152969389,"{""type"": ""Feature"",""geometry"": {""type"": ""Point"",""coordinates"": -3.15152969389, 55.9620398965}}"
215213,,Slight,2,2,22/04/2013,Monday,22,April,13,16,45,S12000036,Unclassified,,Single carriageway - 2 lanes,30,Not at or within 20 metres of junction,unset,\,,Daylight: street lights present,Fine (without high winds),Dry,None,None,No overtaking,322040,673290,565625,Segment,T.V.N.P.,367518,unset,EH126ES,No crossing facility within 50m or physical crossing facility not controlled by authorised person,No physical crossing facility within 50m,At scene,55.9463583649,-3.24843302262,"{""type"": ""Feature"",""geometry"": {""type"": ""Point"",""coordinates"": -3.24843302262, 55.9463583649}}"
215613,,Slight,2,5,21/04/2013,Sunday,21,April,13,13,30,S12000036,Unclassified,,Single carriageway - 2 lanes,30,Other junction,Give way sign or markings,Unclassified,,Daylight: street lights present,Fine (without high winds),Dry,None,None,No overtaking,326490,675020,523233,Junction,Pedestrian,367519,unset,EH75HN,No crossing facility within 50m or physical crossing facility not controlled by authorised person,No physical crossing facility within 50m,At scene,55.9626017633,-3.17766098774,"{""type"": ""Feature"",""geometry"": {""type"": ""Point"",""coordinates"": -3.17766098774, 55.9626017633}}"
215913,,Slight,2,1,23/04/2013,Tuesday,23,April,13,11,4,S12000036,A,1,Single carriageway - 2 lanes,30,Crossroads,Automatic Traffic Signal,C,,Daylight: street lights present,Fine (without high winds),Dry,None,None,No overtaking,326910,674320,520689,Junction,T.V.N.P.,367520,unset,EH75DL,No crossing facility within 50m or physical crossing facility not controlled by authorised person,No physical crossing facility within 50m,At scene,55.9563771064,-3.17074413517,"{""type"": ""Feature"",""geometry"": {""type"": ""Point"",""coordinates"": -3.17074413517, 55.9563771064}}"
216313,,Slight,2,1,23/04/2013,Tuesday,23,April,13,17,20,S12000036,Unclassified,,Single carriageway - 2 lanes,30,Not at or within 20 metres of junction,unset,\,,Daylight: street lights present,Fine (without high winds),Dry,None,None,No overtaking,323650,675860,563649,Segment,Cyclist,367521,unset,EH52DL,No crossing facility within 50m or physical crossing facility not controlled by authorised person,Central refuge - no other controls,At scene,55.9697050847,-3.22338562388,"{""type"": ""Feature"",""geometry"": {""type"": ""Point"",""coordinates"": -3.22338562388, 55.9697050847}}"
217313,,Slight,2,1,24/04/2013,Wednesday,24,April,13,16,30,S12000036,Unclassified,,Single carriageway - 2 lanes,30,'T' or staggered junction,Give way sign or markings,Unclassified,,Daylight: street lights present,Fine (without high winds),Dry,None,None,No overtaking,323400,668930,533059,Junction,Cyclist,367522,unset,EH139JA,No crossing facility within 50m or physical crossing facility not controlled by authorised person,No physical crossing facility within 50m,At scene,55.9074076923,-3.22542316465,"{""type"": ""Feature"",""geometry"": {""type"": ""Point"",""coordinates"": -3.22542316465, 55.9074076923}}"
217413,,Slight,2,1,24/04/2013,Wednesday,24,April,13,18,30,S12000036,A,720,Dual carriageway - 2 lanes,70,Not at or within 20 metres of junction,unset,\,,Daylight: street lights present,Fine (without high winds),Dry,None,None,No overtaking,331360,667910,2579269,Segment,T.V.N.P.,367523,unset,EH181AS,No crossing facility within 50m or physical crossing facility not controlled by authorised person,No physical crossing facility within 50m,At scene,55.8994447721,-3.0978504573,"{""type"": ""Feature"",""geometry"": {""type"": ""Point"",""coordinates"": -3.0978504573, 55.8994447721}}"
217613,,Slight,1,1,24/04/2013,Wednesday,24,April,13,15,0,S12000036,A,7,Single carriageway - 2 lanes,30,'T' or staggered junction,Give way sign or markings,Unclassified,,Daylight: street lights present,Fine (without high winds),Dry,None,None,No overtaking,326100,673170,521580,Junction,Pedestrian,367524,unset,EH89BZ,No crossing facility within 50m or physical crossing facility not controlled by authorised person,"Pelican, puffin, toucan or similar non-junction pedestrian light crossing",At scene,55.9459217121,-3.18340028677,"{""type"": ""Feature"",""geometry"": {""type"": ""Point"",""coordinates"": -3.18340028677, 55.9459217121}}"
218513,,Slight,2,1,18/04/2013,Thursday,18,April,13,12,0,S12000036,A,900,Roundabout,30,Roundabout,Give way sign or markings,B,1350,Daylight: street lights present,Fine (without high winds),Dry,None,None,No overtaking,326150,674530,520248,Junction,Cyclist,367525,unset,EH74AA,No crossing facility within 50m or physical crossing facility not controlled by authorised person,No physical crossing facility within 50m,Elsewhere,55.9581475037,-3.1829723348,"{""type"": ""Feature"",""geometry"": {""type"": ""Point"",""coordinates"": -3.1829723348, 55.9581475037}}"
218713,,Serious,2,1,25/04/2013,Thursday,25,April,13,13,53,S12000036,Unclassified,,Dual carriageway - 2 lanes,40,'T' or staggered junction,Automatic Traffic Signal,Unclassified,,Daylight: street lights present,Fine (without high winds),Dry,None,None,No overtaking,324340,673040,10331569,Junction,T.V.N.P.,367526,unset,EH38AY,No crossing facility within 50m or physical crossing facility not controlled by authorised person,Central refuge - no other controls,At scene,55.9444799835,-3.21154063874,"{""type"": ""Feature"",""geometry"": {""type"": ""Point"",""coordinates"": -3.21154063874, 55.9444799835}}"
218813,,Slight,2,1,23/04/2013,Tuesday,23,April,13,8,20,S12000036,A,90,Single carriageway - 2 lanes,40,Not at or within 20 metres of junction,unset,\,,Daylight: street lights present,Fine (without high winds),Dry,None,None,No overtaking,320390,675140,555456,Segment,T.V.N.P.,367527,unset,EH46AH,No crossing facility within 50m or physical crossing facility not controlled by authorised person,No physical crossing facility within 50m,Elsewhere,55.9627075319,-3.27539480977,"{""type"": ""Feature"",""geometry"": {""type"": ""Point"",""coordinates"": -3.27539480977, 55.9627075319}}"
218913,,Slight,2,1,25/04/2013,Thursday,25,April,13,11,45,S12000036,Unclassified,,Single carriageway - 2 lanes,30,Not at or within 20 metres of junction,unset,\,,Daylight: street lights present,Raining with high winds,Dry,None,None,No overtaking,328660,671610,553849,Segment,T.V.N.P.,367528,unset,EH164AW,No crossing facility within 50m or physical crossing facility not controlled by authorised person,No physical crossing facility within 50m,At scene,55.9322933973,-3.14200250284,"{""type"": ""Feature"",""geometry"": {""type"": ""Point"",""coordinates"": -3.14200250284, 55.9322933973}}"
219413,,Slight,1,1,25/04/2013,Thursday,25,April,13,15,17,S12000036,Unclassified,,Single carriageway - 2 lanes,30,Not at or within 20 metres of junction,unset,\,,Daylight: street lights present,Fine (without high winds),Dry,None,None,No overtaking,324050,673090,561640,Segment,Bus,367529,unset,EH112BU,No crossing facility within 50m or physical crossing facility not controlled by authorised person,No physical crossing facility within 50m,Elsewhere,55.9448834374,-3.21619730205,"{""type"": ""Feature"",""geometry"": {""type"": ""Point"",""coordinates"": -3.21619730205, 55.9448834374}}"
219913,,Slight,2,1,26/04/2013,Friday,26,April,13,6,10,S12000036,C,,Roundabout,30,Roundabout,Give way sign or markings,A,902,Daylight: street lights present,Fine (without high winds),Dry,None,None,No overtaking,322920,675720,519406,Junction,Cyclist,367530,unset,EH42PW,No crossing facility within 50m or physical crossing facility not controlled by authorised person,No physical crossing facility within 50m,At scene,55.9683307453,-3.23503958492,"{""type"": ""Feature"",""geometry"": {""type"": ""Point"",""coordinates"": -3.23503958492, 55.9683307453}}"
220213,,Slight,2,1,22/04/2013,Monday,22,April,13,18,0,S12000036,B,701,Single carriageway - 2 lanes,30,Not at or within 20 metres of junction,unset,\,,Daylight: street lights present,Fine with high winds,Dry,None,None,No overtaking,323500,668550,551382,Segment,Cyclist,367531,unset,EH139NQ,No crossing facility within 50m or physical crossing facility not controlled by authorised person,No physical crossing facility within 50m,Elsewhere,55.9040097393,-3.22371629695,"{""type"": ""Feature"",""geometry"": {""type"": ""Point"",""coordinates"": -3.22371629695, 55.9040097393}}"
220613,,Slight,2,1,26/04/2013,Friday,26,April,13,7,15,S12000036,Unclassified,,Single carriageway - 2 lanes,30,Roundabout,Give way sign or markings,C,,Daylight: street lights present,Fine (without high winds),Dry,None,None,No overtaking,326750,673920,521175,Junction,Cyclist,367532,unset,EH88DU,No crossing facility within 50m or physical crossing facility not controlled by authorised person,No physical crossing facility within 50m,Elsewhere,55.9527591673,-3.17319769054,"{""type"": ""Feature"",""geometry"": {""type"": ""Point"",""coordinates"": -3.17319769054, 55.9527591673}}"
221113,,Slight,1,1,26/04/2013,Friday,26,April,13,20,0,S12000036,Unclassified,,Single carriageway - 2 lanes,30,'T' or staggered junction,Give way sign or markings,Unclassified,,Daylight: street lights present,Fine (without high winds),Dry,None,None,No overtaking,326920,674200,520710,Junction,Pedestrian,367533,unset,EH88EH,No crossing facility within 50m or physical crossing facility not controlled by authorised person,No physical crossing facility within 50m,At scene,55.9553005553,-3.17055145866,"{""type"": ""Feature"",""geometry"": {""type"": ""Point"",""coordinates"": -3.17055145866, 55.9553005553}}"
221213,,Slight,2,1,26/04/2013,Friday,26,April,13,16,45,S12000036,A,720,Dual carriageway - 2 lanes,50,Not at or within 20 metres of junction,unset,\,,Daylight: street lights present,Fine (without high winds),Dry,None,None,No overtaking,317590,672060,6453019,Segment,T.V.N.P.,367534,unset,EH129DF,No crossing facility within 50m or physical crossing facility not controlled by authorised person,No physical crossing facility within 50m,At scene,55.9345663169,-3.31929789866,"{""type"": ""Feature"",""geometry"": {""type"": ""Point"",""coordinates"": -3.31929789866, 55.9345663169}}"
221313,,Slight,3,3,26/04/2013,Friday,26,April,13,17,55,S12000036,A,720,Dual carriageway - 2 lanes,70,Not at or within 20 metres of junction,unset,\,,Daylight: street lights present,Raining (without high winds),Dry,None,None,No overtaking,322630,668050,570540,Segment,M.V.N.P.,367535,unset,EH139QP,No crossing facility within 50m or physical crossing facility not controlled by authorised person,No physical crossing facility within 50m,At scene,55.8993787993,-3.23748641006,"{""type"": ""Feature"",""geometry"": {""type"": ""Point"",""coordinates"": -3.23748641006, 55.8993787993}}"
221513,,Slight,3,1,26/04/2013,Friday,26,April,13,17,39,S12000036,B,6415,Single carriageway - 2 lanes,30,Not at or within 20 metres of junction,unset,\,,Daylight: street lights present,Fine (without high winds),Dry,None,None,No overtaking,331640,673410,563355,Segment,M.V.N.P.,367536,unset,EH152ET,No crossing facility within 50m or physical crossing facility not controlled by authorised person,No physical crossing facility within 50m,At scene,55.9488978141,-3.09476508656,"{""type"": ""Feature"",""geometry"": {""type"": ""Point"",""coordinates"": -3.09476508656, 55.9488978141}}"
221913,,Slight,2,1,27/04/2013,Saturday,27,April,13,14,0,S12000036,C,,Single carriageway - 2 lanes,20,'T' or staggered junction,Give way sign or markings,Unclassified,,Daylight: street lights present,Fine (without high winds),Dry,None,None,No overtaking,327140,675590,519511,Junction,T.V.N.P.,367537,unset,EH68TB,No crossing facility within 50m or physical crossing facility not controlled by authorised person,Central refuge - no other controls,At scene,55.9678216415,-3.16740432842,"{""type"": ""Feature"",""geometry"": {""type"": ""Point"",""coordinates"": -3.16740432842, 55.9678216415}}"
222013,,Slight,2,1,23/04/2013,Tuesday,23,April,13,9,0,S12000036,Unclassified,,Single carriageway - 2 lanes,30,Not at or within 20 metres of junction,unset,\,,Daylight: street lights present,Fine with high winds,Dry,None,None,No overtaking,324220,671710,559388,Segment,T.V.N.P.,367538,unset,EH105EN,No crossing facility within 50m or physical crossing facility not controlled by authorised person,No physical crossing facility within 50m,At scene,55.9325125968,-3.21308819504,"{""type"": ""Feature"",""geometry"": {""type"": ""Point"",""coordinates"": -3.21308819504, 55.9325125968}}"
222213,,Slight,1,1,29/04/2013,Monday,29,April,13,17,39,S12000036,A,8,Single carriageway - 2 lanes,30,'T' or staggered junction,Automatic Traffic Signal,A,7,Daylight: street lights present,Fine (without high winds),Dry,None,None,No overtaking,325850,674000,517891,Junction,Pedestrian,367539,unset,EH22EJ,No crossing facility within 50m or physical crossing facility not controlled by authorised person,Pedestrian phase at traffic signal junction,At scene,55.9533398367,-3.18763094849,"{""type"": ""Feature"",""geometry"": {""type"": ""Point"",""coordinates"": -3.18763094849, 55.9533398367}}"
222313,,Slight,1,1,30/04/2013,Tuesday,30,April,13,2,34,S12000036,Unclassified,,One way Street,30,Crossroads,Automatic Traffic Signal,C,,Darkness: street lights present and lit,Fine (without high winds),Dry,None,None,No overtaking,325370,673960,521061,Junction,Pedestrian,367540,unset,EH22PJ,No crossing facility within 50m or physical crossing facility not controlled by authorised person,Pedestrian phase at traffic signal junction,At scene,55.9529061693,-3.19530596786,"{""type"": ""Feature"",""geometry"": {""type"": ""Point"",""coordinates"": -3.19530596786, 55.9529061693}}"
222713,,Serious,1,1,29/04/2013,Monday,29,April,13,7,48,S12000036,Unclassified,,Single carriageway - 2 lanes,30,Not at or within 20 metres of junction,unset,\,,Daylight: street lights present,Fine (without high winds),Dry,None,None,No overtaking,318930,675800,0,Unset,Pedestrian,367541,unset,EH46DF,No crossing facility within 50m or physical crossing facility not controlled by authorised person,No physical crossing facility within 50m,At scene,55.9683924362,-3.29897672198,"{""type"": ""Feature"",""geometry"": {""type"": ""Point"",""coordinates"": -3.29897672198, 55.9683924362}}"
222913,,Slight,1,1,29/04/2013,Monday,29,April,13,11,30,S12000036,A,71,Single carriageway - 2 lanes,30,'T' or staggered junction,Give way sign or markings,Unclassified,,Daylight: street lights present,Fine (without high winds),Dry,None,None,No overtaking,322950,672260,521961,Junction,Bus,367542,unset,EH111TU,No crossing facility within 50m or physical crossing facility not controlled by authorised person,No physical crossing facility within 50m,At scene,55.9372518506,-3.23357014662,"{""type"": ""Feature"",""geometry"": {""type"": ""Point"",""coordinates"": -3.23357014662, 55.9372518506}}"
225713,,Serious,2,1,29/04/2013,Monday,29,April,13,18,10,S12000036,Unclassified,,Single carriageway - 2 lanes,30,Other junction,Automatic Traffic Signal,A,702,Daylight: street lights present,Fine (without high winds),Dry,None,None,No overtaking,324840,673080,521400,Junction,Cyclist,367543,unset,EH39BH,No crossing facility within 50m or physical crossing facility not controlled by authorised person,No physical crossing facility within 50m,Elsewhere,55.9449177822,-3.20354729741,"{""type"": ""Feature"",""geometry"": {""type"": ""Point"",""coordinates"": -3.20354729741, 55.9449177822}}"
226513,,Serious,1,1,28/04/2013,Sunday,28,April,13,20,30,S12000036,C,,Single carriageway - 2 lanes,30,Not at or within 20 metres of junction,unset,\,,Daylight: street lights present,Fine (without high winds),Dry,None,None,No overtaking,326330,673750,558221,Segment,Cyclist,367544,unset,EH88BJ,No crossing facility within 50m or physical crossing facility not controlled by authorised person,Zebra crossing,At scene,55.9511676927,-3.17987650524,"{""type"": ""Feature"",""geometry"": {""type"": ""Point"",""coordinates"": -3.17987650524, 55.9511676927}}"
226813,,Serious,2,1,01/05/2013,Wednesday,1,May,13,11,30,S12000036,A,702,Single carriageway - 2 lanes,30,Crossroads,Automatic Traffic Signal,Unclassified,,Daylight: street lights present,Fine (without high winds),Dry,None,None,No overtaking,324300,670230,530011,Junction,Cyclist,355151,unset,EH106ES,No crossing facility within 50m or physical crossing facility not controlled by authorised person,Pedestrian phase at traffic signal junction,At scene,55.9192291058,-3.21139300488,"{""type"": ""Feature"",""geometry"": {""type"": ""Point"",""coordinates"": -3.21139300488, 55.9192291058}}"
228113,,Slight,2,1,01/05/2013,Wednesday,1,May,13,19,5,S12000036,A,90,Single carriageway - 2 lanes,40,Not at or within 20 metres of junction,unset,\,,Daylight: street lights present,Fine (without high winds),Dry,None,None,No overtaking,317890,675400,555438,Segment,T.V.N.P.,355152,unset,EH46DY,No crossing facility within 50m or physical crossing facility not controlled by authorised person,No physical crossing facility within 50m,At scene,55.9646223728,-3.31551369689,"{""type"": ""Feature"",""geometry"": {""type"": ""Point"",""coordinates"": -3.31551369689, 55.9646223728}}"
228613,,Slight,2,1,01/05/2013,Wednesday,1,May,13,10,45,S12000036,Unclassified,,Single carriageway - 2 lanes,20,'T' or staggered junction,Give way sign or markings,Unclassified,,Daylight: street lights present,Fine (without high winds),Dry,None,None,No overtaking,327100,672090,0,Unset,T.V.N.P.,355153,unset,EH165HL,No crossing facility within 50m or physical crossing facility not controlled by authorised person,No physical crossing facility within 50m,At scene,55.936371744,-3.1670986853,"{""type"": ""Feature"",""geometry"": {""type"": ""Point"",""coordinates"": -3.1670986853, 55.936371744}}"
231713,,Slight,1,1,03/05/2013,Friday,3,May,13,15,50,S12000036,A,702,Roundabout,40,Roundabout,Give way sign or markings,A,702,Daylight: street lights present,Raining (without high winds),Dry,Road marking defective or obscured,None,No overtaking,324840,667720,522510,Junction,S.V.N.P.,355154,unset,EH107BJ,No crossing facility within 50m or physical crossing facility not controlled by authorised person,No physical crossing facility within 50m,At scene,55.8967641747,-3.20205598566,"{""type"": ""Feature"",""geometry"": {""type"": ""Point"",""coordinates"": -3.20205598566, 55.8967641747}}"
232013,,Slight,2,1,02/05/2013,Thursday,2,May,13,7,20,S12000036,Unclassified,,Single carriageway - 2 lanes,60,'T' or staggered junction,Give way sign or markings,Unclassified,,Daylight: street lights present,Fine (without high winds),Dry,None,None,No overtaking,317110,668860,12230237,Junction,T.V.N.P.,355155,unset,EH144AB,No crossing facility within 50m or physical crossing facility not controlled by authorised person,No physical crossing facility within 50m,At scene,55.9057367564,-3.32599803729,"{""type"": ""Feature"",""geometry"": {""type"": ""Point"",""coordinates"": -3.32599803729, 55.9057367564}}"
234213,,Fatal,1,1,06/05/2013,Monday,6,May,13,13,30,S12000036,Motorway,9,Dual carriageway - 2 lanes,70,Not at or within 20 metres of junction,unset,\,,Daylight: street lights present,Fine (without high winds),Dry,None,None,No overtaking,311470,674380,2306848,Segment,S.V.N.P.,355156,unset,EH299EF,No crossing facility within 50m or physical crossing facility not controlled by authorised person,No physical crossing facility within 50m,At scene,55.9543192427,-3.41800157114,"{""type"": ""Feature"",""geometry"": {""type"": ""Point"",""coordinates"": -3.41800157114, 55.9543192427}}"
234313,,Slight,1,1,01/05/2013,Wednesday,1,May,13,6,30,S12000036,Unclassified,,Single carriageway - 2 lanes,30,'T' or staggered junction,Automatic Traffic Signal,Unclassified,,Daylight: street lights present,Unknown,Dry,None,None,No overtaking,325970,673150,517897,Junction,Pedestrian,355157,unset,EH89BU,No crossing facility within 50m or physical crossing facility not controlled by authorised person,Pedestrian phase at traffic signal junction,At scene,55.9457220282,-3.18547605608,"{""type"": ""Feature"",""geometry"": {""type"": ""Point"",""coordinates"": -3.18547605608, 55.9457220282}}"
234413,,Slight,1,1,04/05/2013,Saturday,4,May,13,9,50,S12000036,B,6415,Single carriageway - 2 lanes,30,Not at or within 20 metres of junction,unset,\,,Daylight: street lights present,Fine (without high winds),Dry,None,None,No overtaking,330480,673920,563328,Segment,Bus,355158,unset,EH151AH,No crossing facility within 50m or physical crossing facility not controlled by authorised person,Pedestrian phase at traffic signal junction,At scene,55.9533133103,-3.1134697313,"{""type"": ""Feature"",""geometry"": {""type"": ""Point"",""coordinates"": -3.1134697313, 55.9533133103}}"
234513,,Slight,2,1,04/05/2013,Saturday,4,May,13,11,50,S12000036,A,199,Single carriageway - 2 lanes,30,Not at or within 20 metres of junction,unset,\,,Daylight: street lights present,Other,Dry,None,None,No overtaking,331910,673030,552166,Segment,Cyclist,355159,unset,EH152PD,No crossing facility within 50m or physical crossing facility not controlled by authorised person,No physical crossing facility within 50m,At scene,55.9455221502,-3.09034605641,"{""type"": ""Feature"",""geometry"": {""type"": ""Point"",""coordinates"": -3.09034605641, 55.9455221502}}"
234613,,Slight,2,1,04/05/2013,Saturday,4,May,13,19,0,S12000036,B,6415,Single carriageway - 2 lanes,30,'T' or staggered junction,Give way sign or markings,Unclassified,,Daylight: street lights present,Fine (without high winds),Dry,None,None,No overtaking,331710,673400,531403,Junction,T.V.N.P.,355160,unset,EH152HF,No crossing facility within 50m or physical crossing facility not controlled by authorised person,Central refuge - no other controls,\3,55.9488179244,-3.09364175468,"{""type"": ""Feature"",""geometry"": {""type"": ""Point"",""coordinates"": -3.09364175468, 55.9488179244}}"
234713,,Slight,2,1,29/04/2013,Monday,29,April,13,17,35,S12000036,A,702,Single carriageway - 2 lanes,30,Other junction,Give way sign or markings,Unclassified,,Daylight: street lights present,Fine (without high winds),Dry,None,None,No overtaking,324410,670590,529789,Junction,Cyclist,367545,unset,EH106AQ,No crossing facility within 50m or physical crossing facility not controlled by authorised person,No physical crossing facility within 50m,Elsewhere,55.9224805905,-3.20973390165,"{""type"": ""Feature"",""geometry"": {""type"": ""Point"",""coordinates"": -3.20973390165, 55.9224805905}}"
234813,,Slight,5,3,03/05/2013,Friday,3,May,13,15,59,S12000036,Motorway,8,Dual carriageway - 2 lanes,70,Roundabout,Automatic Traffic Signal,Motorway,8,Daylight: street lights present,Raining (without high winds),Dry,None,None,No overtaking,318050,670940,6453338,Junction,M.V.N.P.,355161,unset,EH129BU,No crossing facility within 50m or physical crossing facility not controlled by authorised person,No physical crossing facility within 50m,At scene,55.9245834222,-3.31159600216,"{""type"": ""Feature"",""geometry"": {""type"": ""Point"",""coordinates"": -3.31159600216, 55.9245834222}}"
234913,,Slight,2,1,05/05/2013,Sunday,5,May,13,23,0,S12000036,C,,Single carriageway - 2 lanes,30,'T' or staggered junction,Automatic Traffic Signal,Unclassified,,Darkness: street lights present and lit,Fine (without high winds),Dry,None,None,No overtaking,324730,672990,521433,Junction,T.V.N.P.,355162,unset,EH39QG,No crossing facility within 50m or physical crossing facility not controlled by authorised person,Pedestrian phase at traffic signal junction,\3,55.9440920232,-3.20528318944,"{""type"": ""Feature"",""geometry"": {""type"": ""Point"",""coordinates"": -3.20528318944, 55.9440920232}}"
235613,,Serious,2,1,02/05/2013,Thursday,2,May,13,8,15,S12000036,Unclassified,,Single carriageway - 2 lanes,30,Not at or within 20 metres of junction,unset,\,,Daylight: street lights present,Fine (without high winds),Dry,None,None,No overtaking,319340,672860,551757,Segment,T.V.N.P.,355163,unset,EH127TZ,No crossing facility within 50m or physical crossing facility not controlled by authorised person,"Pelican, puffin, toucan or similar non-junction pedestrian light crossing",At scene,55.942049906,-3.29152945379,"{""type"": ""Feature"",""geometry"": {""type"": ""Point"",""coordinates"": -3.29152945379, 55.942049906}}"
240113,,Slight,2,1,06/05/2013,Monday,6,May,13,12,9,S12000036,Unclassified,,Single carriageway - 2 lanes,30,'T' or staggered junction,Give way sign or markings,Unclassified,,Daylight: street lights present,Fine (without high winds),Dry,None,None,No overtaking,329050,674710,523350,Junction,T.V.N.P.,355164,unset,EH76RW,No crossing facility within 50m or physical crossing facility not controlled by authorised person,"Pelican, puffin, toucan or similar non-junction pedestrian light crossing",At scene,55.9602016782,-3.13657632675,"{""type"": ""Feature"",""geometry"": {""type"": ""Point"",""coordinates"": -3.13657632675, 55.9602016782}}"
240213,,Slight,2,1,01/05/2013,Wednesday,1,May,13,7,44,S12000036,A,90,Single carriageway - 2 lanes,40,Not at or within 20 metres of junction,unset,\,,Daylight: street lights present,Fine (without high winds),Dry,None,None,No overtaking,321660,674850,555525,Segment,T.V.N.P.,355165,unset,EH42AG,No crossing facility within 50m or physical crossing facility not controlled by authorised person,"Pelican, puffin, toucan or similar non-junction pedestrian light crossing",At scene,55.9603110858,-3.25496994772,"{""type"": ""Feature"",""geometry"": {""type"": ""Point"",""coordinates"": -3.25496994772, 55.9603110858}}"
240613,,Slight,2,1,02/05/2013,Thursday,2,May,13,18,20,S12000036,B,900,Single carriageway - 2 lanes,30,Crossroads,Give way sign or markings,Unclassified,,Daylight: street lights present,Fine (without high winds),Dry,None,None,No overtaking,323760,674680,520083,Junction,T.V.N.P.,355166,unset,EH41AJ,No crossing facility within 50m or physical crossing facility not controlled by authorised person,"Pelican, puffin, toucan or similar non-junction pedestrian light crossing",Elsewhere,55.9591217291,-3.22128955371,"{""type"": ""Feature"",""geometry"": {""type"": ""Point"",""coordinates"": -3.22128955371, 55.9591217291}}"