acc_ref,beat_no,severity,no_vehicle,no_casualt,a_date,a_day,a_date_day,a_date_mon,a_date_yr,a_time_hr,a_time_min,loc_auth,road1_class,road1_no,road_type,speed_limi,junc_det,junc_ctrl,road2_class,road2_no,light_cond,weather,road_surf,spec_cond,cway_hzrds,ovrtk_patrn,easting,northing,net_id,net_type,acc_type,text_id,division,Postcode,ped_xing_hc,ped_xing_p,place_reported,latitude,longitude,geojson
241713,,Slight,2,1,07/05/2013,Tuesday,7,May,13,14,0,S12000036,Unclassified,,Single carriageway - 2 lanes,30,'T' or staggered junction,Give way sign or markings,Unclassified,,Daylight: street lights present,Fine (without high winds),Dry,None,None,No overtaking,322100,671210,0,Unset,Cyclist,355167,unset,EH141RL,No crossing facility within 50m or physical crossing facility not controlled by authorised person,No physical crossing facility within 50m,At scene,55.9276819778,-3.24687202498,"{""type"": ""Feature"",""geometry"": {""type"": ""Point"",""coordinates"": -3.24687202498, 55.9276819778}}"
242013,,Slight,2,1,03/05/2013,Friday,3,May,13,16,0,S12000036,Unclassified,,Single carriageway - 2 lanes,30,'T' or staggered junction,Give way sign or markings,Unclassified,,Daylight: street lights present,Fine (without high winds),Dry,None,None,No overtaking,327180,675760,519544,Junction,Cyclist,355168,unset,EH68HW,No crossing facility within 50m or physical crossing facility not controlled by authorised person,"Pelican, puffin, toucan or similar non-junction pedestrian light crossing",Elsewhere,55.9693549765,-3.16680954059,"{""type"": ""Feature"",""geometry"": {""type"": ""Point"",""coordinates"": -3.16680954059, 55.9693549765}}"
242113,,Slight,1,1,07/05/2013,Tuesday,7,May,13,16,0,S12000036,A,8,Single carriageway - 2 lanes,30,Not at or within 20 metres of junction,unset,\,,Daylight: street lights present,Fine (without high winds),Dry,None,None,No overtaking,319370,672950,550737,Segment,Pedestrian,355169,unset,EH128SQ,Control by other authorised person,"Pelican, puffin, toucan or similar non-junction pedestrian light crossing",At scene,55.9428634583,-3.29107613008,"{""type"": ""Feature"",""geometry"": {""type"": ""Point"",""coordinates"": -3.29107613008, 55.9428634583}}"
242513,,Slight,2,1,07/05/2013,Tuesday,7,May,13,20,20,S12000036,A,70,Single carriageway - 2 lanes,60,Not at or within 20 metres of junction,unset,\,,Daylight: street lights present,Fine (without high winds),Dry,None,None,No overtaking,314890,666530,561617,Segment,T.V.N.P.,355170,unset,EH147BG,No crossing facility within 50m or physical crossing facility not controlled by authorised person,No physical crossing facility within 50m,At scene,55.8844181177,-3.36076754929,"{""type"": ""Feature"",""geometry"": {""type"": ""Point"",""coordinates"": -3.36076754929, 55.8844181177}}"
243013,,Slight,2,1,08/05/2013,Wednesday,8,May,13,9,0,S12000036,A,702,Single carriageway - 2 lanes,30,'T' or staggered junction,Give way sign or markings,Unclassified,,Daylight: street lights present,Fine (without high winds),Dry,None,None,No overtaking,324900,672590,533320,Junction,Cyclist,355171,unset,EH104HW,No crossing facility within 50m or physical crossing facility not controlled by authorised person,No physical crossing facility within 50m,At scene,55.9405250738,-3.20245033478,"{""type"": ""Feature"",""geometry"": {""type"": ""Point"",""coordinates"": -3.20245033478, 55.9405250738}}"
243113,,Slight,2,1,04/05/2013,Saturday,4,May,13,17,40,S12000036,A,6095,Roundabout,30,Roundabout,Give way sign or markings,Unclassified,,Daylight: street lights present,Fine with high winds,Dry,None,None,No overtaking,331330,671720,4464252,Junction,T.V.N.P.,355172,unset,EH218RX,No crossing facility within 50m or physical crossing facility not controlled by authorised person,Zebra crossing,At scene,55.9336703572,-3.09929845308,"{""type"": ""Feature"",""geometry"": {""type"": ""Point"",""coordinates"": -3.09929845308, 55.9336703572}}"
243213,,Slight,1,1,07/05/2013,Tuesday,7,May,13,10,45,S12000036,A,1,Single carriageway - 2 lanes,30,Not at or within 20 metres of junction,unset,\,,Daylight: street lights present,Fine (without high winds),Dry,None,None,No overtaking,325660,673880,0,Unset,Bus,355173,unset,EH22EJ,No crossing facility within 50m or physical crossing facility not controlled by authorised person,Pedestrian phase at traffic signal junction,Elsewhere,55.9522324134,-3.19064027433,"{""type"": ""Feature"",""geometry"": {""type"": ""Point"",""coordinates"": -3.19064027433, 55.9522324134}}"
243613,,Slight,1,1,07/05/2013,Tuesday,7,May,13,16,5,S12000036,A,702,Single carriageway - 2 lanes,30,Not at or within 20 metres of junction,unset,\,,Daylight: street lights present,Fine (without high winds),Dry,None,None,No overtaking,324920,672860,549186,Segment,Bus,355174,unset,EH39LZ,No crossing facility within 50m or physical crossing facility not controlled by authorised person,"Pelican, puffin, toucan or similar non-junction pedestrian light crossing",Elsewhere,55.9429538383,-3.20220532902,"{""type"": ""Feature"",""geometry"": {""type"": ""Point"",""coordinates"": -3.20220532902, 55.9429538383}}"
244013,,Slight,1,1,08/05/2013,Wednesday,8,May,13,10,50,S12000036,Unclassified,,Single carriageway - 2 lanes,30,Not at or within 20 metres of junction,unset,\,,Daylight: street lights present,Fine (without high winds),Dry,None,None,No overtaking,319330,672890,551757,Segment,Pedestrian,355175,unset,EH128HH,No crossing facility within 50m or physical crossing facility not controlled by authorised person,"Pelican, puffin, toucan or similar non-junction pedestrian light crossing",At scene,55.9423177343,-3.29169849907,"{""type"": ""Feature"",""geometry"": {""type"": ""Point"",""coordinates"": -3.29169849907, 55.9423177343}}"
245513,,Slight,2,1,08/05/2013,Wednesday,8,May,13,11,20,S12000036,A,6095,Roundabout,30,Roundabout,Give way sign or markings,A,6095,Daylight: street lights present,Fine (without high winds),Dry,None,None,No overtaking,331620,671780,4464231,Junction,T.V.N.P.,355176,unset,EH218RX,No crossing facility within 50m or physical crossing facility not controlled by authorised person,No physical crossing facility within 50m,Elsewhere,55.934250737,-3.09467216569,"{""type"": ""Feature"",""geometry"": {""type"": ""Point"",""coordinates"": -3.09467216569, 55.934250737}}"
246213,,Slight,3,2,09/05/2013,Thursday,9,May,13,11,47,S12000036,C,,Single carriageway - 2 lanes,30,Crossroads,Automatic Traffic Signal,C,,Daylight: street lights present,Fine (without high winds),Dry,None,None,No overtaking,327590,669540,530152,Junction,M.V.N.P.,355177,unset,EH166JJ,No crossing facility within 50m or physical crossing facility not controlled by authorised person,Pedestrian phase at traffic signal junction,At scene,55.9135365436,-3.15857209243,"{""type"": ""Feature"",""geometry"": {""type"": ""Point"",""coordinates"": -3.15857209243, 55.9135365436}}"
246313,,Slight,1,1,08/05/2013,Wednesday,8,May,13,15,55,S12000036,C,,Single carriageway - 2 lanes,30,Not at or within 20 metres of junction,unset,\,,Daylight: street lights present,Fine (without high winds),Dry,None,None,No overtaking,326690,673890,558221,Segment,Bus,355178,unset,EH88BZ,No crossing facility within 50m or physical crossing facility not controlled by authorised person,No physical crossing facility within 50m,Elsewhere,55.9524804991,-3.17415028686,"{""type"": ""Feature"",""geometry"": {""type"": ""Point"",""coordinates"": -3.17415028686, 55.9524804991}}"
246413,,Serious,1,1,11/05/2013,Saturday,11,May,13,3,0,S12000036,A,7,Single carriageway - 2 lanes,30,Not at or within 20 metres of junction,unset,\,,Darkness: street lights present and lit,Fine (without high winds),Dry,None,None,No overtaking,326020,673350,569291,Segment,Pedestrian,355179,unset,EH11LS,No crossing facility within 50m or physical crossing facility not controlled by authorised person,No physical crossing facility within 50m,At scene,55.9475265075,-3.18473043777,"{""type"": ""Feature"",""geometry"": {""type"": ""Point"",""coordinates"": -3.18473043777, 55.9475265075}}"
246513,,Slight,2,1,09/05/2013,Thursday,9,May,13,8,15,S12000036,Unclassified,,Single carriageway - 2 lanes,50,'T' or staggered junction,Give way sign or markings,Unclassified,,Daylight: street lights present,Fine (without high winds),Dry,None,None,No overtaking,312190,669540,0,Unset,T.V.N.P.,355180,unset,EH278BBA,No crossing facility within 50m or physical crossing facility not controlled by authorised person,No physical crossing facility within 50m,At scene,55.9109729666,-3.40489868367,"{""type"": ""Feature"",""geometry"": {""type"": ""Point"",""coordinates"": -3.40489868367, 55.9109729666}}"
246613,,Slight,1,1,09/05/2013,Thursday,9,May,13,13,54,S12000036,A,70,Single carriageway - 2 lanes,40,Not at or within 20 metres of junction,unset,\,,Daylight: street lights present,Fine (without high winds),Dry,None,None,No overtaking,319810,668600,0,Unset,Pedestrian,355181,unset,EH145DJ,No crossing facility within 50m or physical crossing facility not controlled by authorised person,No physical crossing facility within 50m,At scene,55.9038583851,-3.28274119122,"{""type"": ""Feature"",""geometry"": {""type"": ""Point"",""coordinates"": -3.28274119122, 55.9038583851}}"
246713,,Slight,1,1,09/05/2013,Thursday,9,May,13,7,20,S12000036,Unclassified,,Single carriageway - 2 lanes,30,Not at or within 20 metres of junction,unset,\,,Daylight: street lights present,Fine (without high winds),Dry,None,None,No overtaking,326310,673130,558278,Segment,S.V.N.P.,355182,unset,EH89RR,No crossing facility within 50m or physical crossing facility not controlled by authorised person,Pedestrian phase at traffic signal junction,Elsewhere,55.9455945984,-3.18002731879,"{""type"": ""Feature"",""geometry"": {""type"": ""Point"",""coordinates"": -3.18002731879, 55.9455945984}}"
247313,,Serious,2,1,09/05/2013,Thursday,9,May,13,17,15,S12000036,A,8,Dual carriageway - 2 lanes,30,Not at or within 20 metres of junction,unset,\,,Daylight: street lights present,Fine (without high winds),Dry,None,None,No overtaking,325420,673880,550538,Segment,Cyclist,355183,unset,EH22EL,No crossing facility within 50m or physical crossing facility not controlled by authorised person,No physical crossing facility within 50m,At scene,55.9521952235,-3.19448321129,"{""type"": ""Feature"",""geometry"": {""type"": ""Point"",""coordinates"": -3.19448321129, 55.9521952235}}"
247613,,Slight,1,1,09/05/2013,Thursday,9,May,13,20,0,S12000036,A,900,Single carriageway - 2 lanes,30,Crossroads,Automatic Traffic Signal,Unclassified,,Daylight: street lights present,Raining (without high winds),Dry,None,None,No overtaking,326960,675890,522483,Junction,Pedestrian,355184,unset,EH68LN,No crossing facility within 50m or physical crossing facility not controlled by authorised person,Pedestrian phase at traffic signal junction,Elsewhere,55.9704894738,-3.17036907804,"{""type"": ""Feature"",""geometry"": {""type"": ""Point"",""coordinates"": -3.17036907804, 55.9704894738}}"
247713,,Slight,3,2,11/05/2013,Saturday,11,May,13,12,40,S12000036,Unclassified,,Single carriageway - 2 lanes,30,'T' or staggered junction,Give way sign or markings,Unclassified,,Daylight: street lights present,Other,Dry,None,None,No overtaking,324790,675730,519433,Junction,M.V.N.P.,355185,unset,EH35QL,No crossing facility within 50m or physical crossing facility not controlled by authorised person,Central refuge - no other controls,At scene,55.9687170921,-3.20508723702,"{""type"": ""Feature"",""geometry"": {""type"": ""Point"",""coordinates"": -3.20508723702, 55.9687170921}}"
248413,,Slight,1,1,09/05/2013,Thursday,9,May,13,21,30,S12000036,Unclassified,,Single carriageway - 2 lanes,30,'T' or staggered junction,Give way sign or markings,Unclassified,,Darkness: street lights present and lit,Fine (without high winds),Dry,None,None,No overtaking,326300,673190,517360,Junction,Pedestrian,355186,unset,EH89TG,No crossing facility within 50m or physical crossing facility not controlled by authorised person,Pedestrian phase at traffic signal junction,Elsewhere,55.9461321002,-3.18020381005,"{""type"": ""Feature"",""geometry"": {""type"": ""Point"",""coordinates"": -3.18020381005, 55.9461321002}}"
248513,,Slight,1,1,10/05/2013,Friday,10,May,13,14,45,S12000036,Unclassified,,Single carriageway - 2 lanes,20,Not at or within 20 metres of junction,unset,\,,Daylight: street lights present,Raining (without high winds),Dry,None,None,No overtaking,323220,668440,0,Unset,Pedestrian,355187,unset,EH139NY,No crossing facility within 50m or physical crossing facility not controlled by authorised person,No physical crossing facility within 50m,At scene,55.9029769408,-3.22816287326,"{""type"": ""Feature"",""geometry"": {""type"": ""Point"",""coordinates"": -3.22816287326, 55.9029769408}}"
248613,,Slight,2,1,10/05/2013,Friday,10,May,13,12,55,S12000036,Unclassified,,Single carriageway - 2 lanes,30,Other junction,Automatic Traffic Signal,Unclassified,,Daylight: street lights present,Fine (without high winds),Dry,None,None,No overtaking,327360,674390,520725,Junction,T.V.N.P.,355188,unset,EH75SU,No crossing facility within 50m or physical crossing facility not controlled by authorised person,Pedestrian phase at traffic signal junction,At scene,55.9570742316,-3.16355664882,"{""type"": ""Feature"",""geometry"": {""type"": ""Point"",""coordinates"": -3.16355664882, 55.9570742316}}"
248713,,Slight,2,3,10/05/2013,Friday,10,May,13,15,30,S12000036,A,71,Single carriageway - 2 lanes,30,Not at or within 20 metres of junction,unset,\,,Daylight: street lights present,Raining (without high winds),Dry,None,None,No overtaking,321670,671520,0,Unset,T.V.N.P.,355189,unset,EH113XN,No crossing facility within 50m or physical crossing facility not controlled by authorised person,"Pelican, puffin, toucan or similar non-junction pedestrian light crossing",At scene,55.9303970862,-3.25384271778,"{""type"": ""Feature"",""geometry"": {""type"": ""Point"",""coordinates"": -3.25384271778, 55.9303970862}}"
250013,,Slight,2,1,09/05/2013,Thursday,9,May,13,8,30,S12000036,A,8,Single carriageway - 2 lanes,30,'T' or staggered junction,Give way sign or markings,Unclassified,,Daylight: street lights present,Fine (without high winds),Dry,None,None,No overtaking,319490,672970,521673,Junction,Bus,355190,unset,EH128RS,No crossing facility within 50m or physical crossing facility not controlled by authorised person,Central refuge - no other controls,At scene,55.943063243,-3.28916116397,"{""type"": ""Feature"",""geometry"": {""type"": ""Point"",""coordinates"": -3.28916116397, 55.943063243}}"
250113,,Slight,3,1,10/05/2013,Friday,10,May,13,8,50,S12000036,Unclassified,,Single carriageway - 2 lanes,40,Multiple junction,Automatic Traffic Signal,A,90,Daylight: street lights present,Fine (without high winds),Dry,Automatic Traffic Signal out,None,No overtaking,318580,674950,519945,Junction,M.V.N.P.,355191,unset,EH48DZ,No crossing facility within 50m or physical crossing facility not controlled by authorised person,Pedestrian phase at traffic signal junction,At scene,55.9606972749,-3.30432620596,"{""type"": ""Feature"",""geometry"": {""type"": ""Point"",""coordinates"": -3.30432620596, 55.9606972749}}"
250313,,Slight,3,4,09/05/2013,Thursday,9,May,13,18,10,S12000036,Unclassified,,Single carriageway - 2 lanes,30,'T' or staggered junction,Give way sign or markings,Unclassified,,Daylight: street lights present,Raining (without high winds),Dry,None,None,No overtaking,325540,671000,529849,Junction,M.V.N.P.,355192,unset,EH106BP,No crossing facility within 50m or physical crossing facility not controlled by authorised person,Central refuge - no other controls,At scene,55.9263402305,-3.19176697752,"{""type"": ""Feature"",""geometry"": {""type"": ""Point"",""coordinates"": -3.19176697752, 55.9263402305}}"
250413,,Slight,2,1,09/05/2013,Thursday,9,May,13,18,10,S12000036,Unclassified,,Single carriageway - 2 lanes,30,Using private drive or entrance,Give way sign or markings,Unclassified,,Daylight: street lights present,Raining (without high winds),Dry,None,None,No overtaking,325390,670980,564325,Segment,Cyclist,355193,unset,EH106BP,No crossing facility within 50m or physical crossing facility not controlled by authorised person,No physical crossing facility within 50m,At scene,55.9261373078,-3.19416168585,"{""type"": ""Feature"",""geometry"": {""type"": ""Point"",""coordinates"": -3.19416168585, 55.9261373078}}"
250513,,Slight,1,1,10/05/2013,Friday,10,May,13,17,30,S12000036,A,8,Single carriageway - 2 lanes,30,Roundabout,Give way sign or markings,Unclassified,,Daylight: street lights present,Fine (without high winds),Dry,None,None,No overtaking,325710,673740,2310553,Junction,S.V.N.P.,355194,unset,EH11DF,No crossing facility within 50m or physical crossing facility not controlled by authorised person,"Pelican, puffin, toucan or similar non-junction pedestrian light crossing",At scene,55.9509824031,-3.18980108493,"{""type"": ""Feature"",""geometry"": {""type"": ""Point"",""coordinates"": -3.18980108493, 55.9509824031}}"
250713,,Slight,2,1,09/05/2013,Thursday,9,May,13,22,0,S12000036,Unclassified,,Single carriageway - 2 lanes,30,Not at or within 20 metres of junction,unset,\,,Darkness: street lights present and lit,Raining (without high winds),Dry,None,None,No overtaking,326230,674470,0,Unset,T.V.N.P.,355195,unset,EH75JH,No crossing facility within 50m or physical crossing facility not controlled by authorised person,No physical crossing facility within 50m,Elsewhere,55.9576207611,-3.18167473136,"{""type"": ""Feature"",""geometry"": {""type"": ""Point"",""coordinates"": -3.18167473136, 55.9576207611}}"
250913,,Slight,1,1,13/05/2013,Monday,13,May,13,13,0,S12000036,Unclassified,,Single carriageway - 2 lanes,30,Not at or within 20 metres of junction,unset,\,,Daylight: street lights present,Fine (without high winds),Dry,None,None,No overtaking,321080,675240,12230903,Segment,Bus,355196,unset,EH45DY,No crossing facility within 50m or physical crossing facility not controlled by authorised person,No physical crossing facility within 50m,At scene,55.9637197581,-3.26437297448,"{""type"": ""Feature"",""geometry"": {""type"": ""Point"",""coordinates"": -3.26437297448, 55.9637197581}}"
251613,,Slight,2,1,13/05/2013,Monday,13,May,13,16,30,S12000036,A,900,Single carriageway - 2 lanes,30,'T' or staggered junction,Give way sign or markings,Unclassified,,Daylight: street lights present,Fine (without high winds),Dry,None,None,No overtaking,326510,675040,523233,Junction,T.V.N.P.,355197,unset,EH74NZ,Control by other authorised person,Pedestrian phase at traffic signal junction,At scene,55.9627845018,-3.17734611087,"{""type"": ""Feature"",""geometry"": {""type"": ""Point"",""coordinates"": -3.17734611087, 55.9627845018}}"
252513,,Serious,1,1,14/05/2013,Tuesday,14,May,13,13,50,S12000036,Unclassified,,Single carriageway - 2 lanes,30,'T' or staggered junction,Give way sign or markings,Unclassified,,Daylight: street lights present,Fine (without high winds),Dry,None,None,No overtaking,324530,671200,530419,Junction,Pedestrian,355198,unset,EH104QT,No crossing facility within 50m or physical crossing facility not controlled by authorised person,No physical crossing facility within 50m,At scene,55.9279795855,-3.20798438276,"{""type"": ""Feature"",""geometry"": {""type"": ""Point"",""coordinates"": -3.20798438276, 55.9279795855}}"
253113,,Slight,1,1,13/05/2013,Monday,13,May,13,11,40,S12000036,Unclassified,,Single carriageway - 2 lanes,30,'T' or staggered junction,Give way sign or markings,A,900,Daylight: street lights present,Fine (without high winds),Dry,None,None,No overtaking,326680,675380,519882,Junction,Pedestrian,355199,unset,EH65EW,No crossing facility within 50m or physical crossing facility not controlled by authorised person,No physical crossing facility within 50m,Elsewhere,55.9658650111,-3.17471580839,"{""type"": ""Feature"",""geometry"": {""type"": ""Point"",""coordinates"": -3.17471580839, 55.9658650111}}"
253413,,Slight,2,1,13/05/2013,Monday,13,May,13,18,45,S12000036,A,6095,Single carriageway - 2 lanes,30,Not at or within 20 metres of junction,unset,\,,Daylight: street lights present,Fine with high winds,Dry,None,None,No overtaking,330440,671760,553885,Segment,T.V.N.P.,355200,unset,EH153EL,No crossing facility within 50m or physical crossing facility not controlled by authorised person,Pedestrian phase at traffic signal junction,At scene,55.9339017985,-3.11355325201,"{""type"": ""Feature"",""geometry"": {""type"": ""Point"",""coordinates"": -3.11355325201, 55.9339017985}}"
253513,,Slight,1,1,11/05/2013,Saturday,11,May,13,21,10,S12000036,Unclassified,,Single carriageway - 2 lanes,30,Other junction,Give way sign or markings,A,900,Darkness: street lights present and lit,Fine (without high winds),Dry,None,None,No overtaking,326790,675560,519478,Junction,Pedestrian,355201,unset,EH68NR,No crossing facility within 50m or physical crossing facility not controlled by authorised person,No physical crossing facility within 50m,At scene,55.9674988957,-3.17300275395,"{""type"": ""Feature"",""geometry"": {""type"": ""Point"",""coordinates"": -3.17300275395, 55.9674988957}}"
253913,,Slight,2,1,13/05/2013,Monday,13,May,13,12,10,S12000036,Unclassified,,Single carriageway - 2 lanes,30,'T' or staggered junction,Give way sign or markings,Unclassified,,Daylight: street lights present,Raining with high winds,Dry,None,None,No overtaking,324590,668320,533134,Junction,Cyclist,355202,unset,EH107AX,No crossing facility within 50m or physical crossing facility not controlled by authorised person,No physical crossing facility within 50m,Elsewhere,55.9021154286,-3.20622058119,"{""type"": ""Feature"",""geometry"": {""type"": ""Point"",""coordinates"": -3.20622058119, 55.9021154286}}"
254013,,Slight,2,1,13/05/2013,Monday,13,May,13,18,50,S12000036,Unclassified,,Single carriageway - 2 lanes,30,Crossroads,Automatic Traffic Signal,A,7,Daylight: street lights present,Fine (without high winds),Dry,None,None,No overtaking,326400,672410,532786,Junction,Cyclist,355203,unset,EH89PZ,No crossing facility within 50m or physical crossing facility not controlled by authorised person,Pedestrian phase at traffic signal junction,Elsewhere,55.9391399591,-3.17839002063,"{""type"": ""Feature"",""geometry"": {""type"": ""Point"",""coordinates"": -3.17839002063, 55.9391399591}}"
255513,,Serious,1,1,09/05/2013,Thursday,9,May,13,8,25,S12000036,Unclassified,,Single carriageway - 2 lanes,20,'T' or staggered junction,Give way sign or markings,Unclassified,,Daylight: street lights present,Fine (without high winds),Dry,None,None,No overtaking,329820,671480,0,Unset,Pedestrian,355204,unset,EH164EP,No crossing facility within 50m or physical crossing facility not controlled by authorised person,No physical crossing facility within 50m,At scene,55.9312961553,-3.12340360664,"{""type"": ""Feature"",""geometry"": {""type"": ""Point"",""coordinates"": -3.12340360664, 55.9312961553}}"
255713,,Slight,2,2,12/05/2013,Sunday,12,May,13,10,10,S12000036,B,701,Single carriageway - 2 lanes,30,Other junction,Give way sign or markings,Unclassified,,Daylight: street lights present,Raining (without high winds),Dry,None,None,No overtaking,319080,674170,520356,Junction,T.V.N.P.,355205,unset,EH48DB,No crossing facility within 50m or physical crossing facility not controlled by authorised person,No physical crossing facility within 50m,At scene,55.9537746251,-3.29608446665,"{""type"": ""Feature"",""geometry"": {""type"": ""Point"",""coordinates"": -3.29608446665, 55.9537746251}}"
255813,,Slight,2,1,12/05/2013,Sunday,12,May,13,17,25,S12000036,Unclassified,,Single carriageway - 2 lanes,30,Crossroads,Give way sign or markings,Unclassified,,Daylight: street lights present,Fine (without high winds),Dry,None,None,No overtaking,328180,674650,523278,Junction,T.V.N.P.,355206,unset,EH76EQ,No crossing facility within 50m or physical crossing facility not controlled by authorised person,Central refuge - no other controls,At scene,55.9595333537,-3.15049407067,"{""type"": ""Feature"",""geometry"": {""type"": ""Point"",""coordinates"": -3.15049407067, 55.9595333537}}"
256213,,Serious,1,1,12/05/2013,Sunday,12,May,13,23,25,S12000036,A,701,Single carriageway - 2 lanes,30,Crossroads,Automatic Traffic Signal,Unclassified,,Darkness: street lights present and lit,Fine (without high winds),Dry,None,None,No overtaking,326730,671820,529477,Junction,Pedestrian,355207,unset,EH92BT,No crossing facility within 50m or physical crossing facility not controlled by authorised person,Pedestrian phase at traffic signal junction,At scene,55.9338898328,-3.1729475396,"{""type"": ""Feature"",""geometry"": {""type"": ""Point"",""coordinates"": -3.1729475396, 55.9338898328}}"
256313,,Slight,2,1,14/05/2013,Tuesday,14,May,13,9,45,S12000036,Unclassified,,Roundabout,30,Roundabout,Give way sign or markings,A,8000,Daylight: street lights present,Fine (without high winds),Dry,None,None,No overtaking,312950,677580,10292788,Junction,T.V.N.P.,355208,unset,EH309YA,No crossing facility within 50m or physical crossing facility not controlled by authorised person,Pedestrian phase at traffic signal junction,At scene,55.9833356666,-3.39533840989,"{""type"": ""Feature"",""geometry"": {""type"": ""Point"",""coordinates"": -3.39533840989, 55.9833356666}}"
256413,,Slight,2,1,07/05/2013,Tuesday,7,May,13,7,45,S12000036,A,701,Single carriageway - 2 lanes,30,Crossroads,Automatic Traffic Signal,Unclassified,,Daylight: street lights present,Fine (without high winds),Dry,None,None,No overtaking,327130,670290,530098,Junction,Cyclist,355209,unset,EH166AJ,No crossing facility within 50m or physical crossing facility not controlled by authorised person,Pedestrian phase at traffic signal junction,At scene,55.920205111,-3.16613272492,"{""type"": ""Feature"",""geometry"": {""type"": ""Point"",""coordinates"": -3.16613272492, 55.920205111}}"
256513,,Slight,2,1,15/05/2013,Wednesday,15,May,13,8,40,S12000036,B,901,Roundabout,30,Roundabout,Give way sign or markings,C,,Daylight: street lights present,Fine (without high winds),Dry,None,None,No overtaking,325730,674680,520206,Junction,Cyclist,355210,unset,EH36NB,No crossing facility within 50m or physical crossing facility not controlled by authorised person,No physical crossing facility within 50m,Elsewhere,55.9594303371,-3.18973985222,"{""type"": ""Feature"",""geometry"": {""type"": ""Point"",""coordinates"": -3.18973985222, 55.9594303371}}"
256713,,Slight,2,1,14/05/2013,Tuesday,14,May,13,17,0,S12000036,A,901,Single carriageway - 2 lanes,30,'T' or staggered junction,Give way sign or markings,Unclassified,,Daylight: street lights present,Fine (without high winds),Dry,None,None,No overtaking,325000,676980,519037,Junction,T.V.N.P.,355211,unset,EH53BY,No crossing facility within 50m or physical crossing facility not controlled by authorised person,No physical crossing facility within 50m,At scene,55.9799796938,-3.20207147326,"{""type"": ""Feature"",""geometry"": {""type"": ""Point"",""coordinates"": -3.20207147326, 55.9799796938}}"
256813,,Slight,2,1,15/05/2013,Wednesday,15,May,13,18,40,S12000036,C,,Single carriageway - 2 lanes,30,Crossroads,Stop sign,Unclassified,,Daylight: street lights present,Fine (without high winds),Dry,None,None,No overtaking,324120,672300,522018,Junction,T.V.N.P.,355212,unset,EH111LW,No crossing facility within 50m or physical crossing facility not controlled by authorised person,Central refuge - no other controls,At scene,55.9377972822,-3.21485447139,"{""type"": ""Feature"",""geometry"": {""type"": ""Point"",""coordinates"": -3.21485447139, 55.9377972822}}"
256913,,Slight,1,1,15/05/2013,Wednesday,15,May,13,8,30,S12000036,B,900,Single carriageway - 2 lanes,30,Crossroads,Automatic Traffic Signal,C,,Daylight: street lights present,Fine (without high winds),Dry,None,None,No overtaking,324550,674630,520152,Junction,S.V.N.P.,355213,unset,EH41LZ,Control by other authorised person,Pedestrian phase at traffic signal junction,At scene,55.958797265,-3.20862371815,"{""type"": ""Feature"",""geometry"": {""type"": ""Point"",""coordinates"": -3.20862371815, 55.958797265}}"
257213,,Slight,2,1,12/05/2013,Sunday,12,May,13,15,45,S12000036,Unclassified,,Single carriageway - 2 lanes,30,Multiple junction,Automatic Traffic Signal,Unclassified,,Daylight: street lights present,Raining (without high winds),Dry,None,None,No overtaking,323630,671430,529594,Junction,T.V.N.P.,355214,unset,EH105BT,No crossing facility within 50m or physical crossing facility not controlled by authorised person,"Pelican, puffin, toucan or similar non-junction pedestrian light crossing",At scene,55.9299037933,-3.22245131177,"{""type"": ""Feature"",""geometry"": {""type"": ""Point"",""coordinates"": -3.22245131177, 55.9299037933}}"
258513,,Slight,1,1,16/05/2013,Thursday,16,May,13,15,15,S12000036,Unclassified,,Single carriageway - 2 lanes,30,Not at or within 20 metres of junction,unset,\,,Daylight: street lights present,Fine (without high winds),Dry,None,None,No overtaking,327540,675220,557464,Segment,Pedestrian,355215,unset,EH68BU,No crossing facility within 50m or physical crossing facility not controlled by authorised person,No physical crossing facility within 50m,At scene,55.9645581,-3.1608972525,"{""type"": ""Feature"",""geometry"": {""type"": ""Point"",""coordinates"": -3.1608972525, 55.9645581}}"
258713,,Slight,2,1,10/05/2013,Friday,10,May,13,7,0,S12000036,A,772,Single carriageway - 2 lanes,30,'T' or staggered junction,Give way sign or markings,Unclassified,,Daylight: street lights present,Fine (without high winds),Dry,None,None,No overtaking,327820,670170,530107,Junction,Cyclist,355216,unset,EH166AU,No crossing facility within 50m or physical crossing facility not controlled by authorised person,No physical crossing facility within 50m,Elsewhere,55.9192310448,-3.15506118406,"{""type"": ""Feature"",""geometry"": {""type"": ""Point"",""coordinates"": -3.15506118406, 55.9192310448}}"