acc_ref,beat_no,severity,no_vehicle,no_casualt,a_date,a_day,a_date_day,a_date_mon,a_date_yr,a_time_hr,a_time_min,loc_auth,road1_class,road1_no,road_type,speed_limi,junc_det,junc_ctrl,road2_class,road2_no,light_cond,weather,road_surf,spec_cond,cway_hzrds,ovrtk_patrn,easting,northing,net_id,net_type,acc_type,text_id,division,Postcode,ped_xing_hc,ped_xing_p,place_reported,latitude,longitude,geojson
259313,,Slight,2,1,17/05/2013,Friday,17,May,13,13,0,S12000036,C,,Single carriageway - 2 lanes,30,Mini-roundabout,Give way sign or markings,Unclassified,,Daylight: street lights present,Fine (without high winds),Dry,None,None,No overtaking,324080,672280,522021,Junction,T.V.N.P.,355217,unset,EH111JS,No crossing facility within 50m or physical crossing facility not controlled by authorised person,No physical crossing facility within 50m,At scene,55.9376112911,-3.21548909077,"{""type"": ""Feature"",""geometry"": {""type"": ""Point"",""coordinates"": -3.21548909077, 55.9376112911}}"
261313,,Serious,1,1,19/05/2013,Sunday,19,May,13,3,40,S12000036,A,7,Single carriageway - 2 lanes,30,Not at or within 20 metres of junction,unset,\,,Daylight: street lights present,Raining (without high winds),Dry,None,None,No overtaking,325910,673740,569273,Segment,Pedestrian,355218,unset,EH11QG,No crossing facility within 50m or physical crossing facility not controlled by authorised person,No physical crossing facility within 50m,At scene,55.9510132809,-3.18659873276,"{""type"": ""Feature"",""geometry"": {""type"": ""Point"",""coordinates"": -3.18659873276, 55.9510132809}}"
263013,,Slight,2,1,17/05/2013,Friday,17,May,13,12,15,S12000036,Unclassified,,Single carriageway - 2 lanes,30,'T' or staggered junction,Give way sign or markings,Unclassified,,Daylight: street lights present,Fine (without high winds),Dry,None,None,No overtaking,327530,676080,12238869,Junction,T.V.N.P.,355219,unset,EH67JH,No crossing facility within 50m or physical crossing facility not controlled by authorised person,Central refuge - no other controls,At scene,55.9722827858,-3.16128883834,"{""type"": ""Feature"",""geometry"": {""type"": ""Point"",""coordinates"": -3.16128883834, 55.9722827858}}"
264413,,Slight,2,1,18/05/2013,Saturday,18,May,13,14,0,S12000036,C,,Single carriageway - 2 lanes,30,'T' or staggered junction,Give way sign or markings,Unclassified,,Daylight: street lights present,Raining (without high winds),Dry,None,None,No overtaking,326970,674810,520284,Junction,T.V.N.P.,355220,unset,EH75PF,No crossing facility within 50m or physical crossing facility not controlled by authorised person,No physical crossing facility within 50m,At scene,55.9607883581,-3.16991607628,"{""type"": ""Feature"",""geometry"": {""type"": ""Point"",""coordinates"": -3.16991607628, 55.9607883581}}"
264713,,Slight,2,1,18/05/2013,Saturday,18,May,13,13,0,S12000036,A,71,Single carriageway - 2 lanes,30,Not at or within 20 metres of junction,unset,\,,Daylight: street lights present,Raining (without high winds),Dry,None,None,No overtaking,322200,671800,549749,Segment,T.V.N.P.,355221,unset,EH113BQ,No crossing facility within 50m or physical crossing facility not controlled by authorised person,No physical crossing facility within 50m,At scene,55.9329985622,-3.24544186763,"{""type"": ""Feature"",""geometry"": {""type"": ""Point"",""coordinates"": -3.24544186763, 55.9329985622}}"
265313,,Slight,1,1,19/05/2013,Sunday,19,May,13,12,55,S12000036,Unclassified,,Single carriageway - 2 lanes,30,Not at or within 20 metres of junction,unset,\,,Daylight: street lights present,Fine (without high winds),Dry,None,None,No overtaking,325740,673970,550541,Segment,Bus,355222,unset,EH22EJ,No crossing facility within 50m or physical crossing facility not controlled by authorised person,No physical crossing facility within 50m,Elsewhere,55.9530533326,-3.18938408406,"{""type"": ""Feature"",""geometry"": {""type"": ""Point"",""coordinates"": -3.18938408406, 55.9530533326}}"
265513,,Slight,1,1,18/05/2013,Saturday,18,May,13,3,25,S12000036,A,7,Single carriageway - 2 lanes,30,Not at or within 20 metres of junction,unset,\,,Darkness: street lights present and lit,Raining (without high winds),Dry,None,None,No overtaking,329040,670160,568105,Segment,Pedestrian,355223,unset,EH164ST,No crossing facility within 50m or physical crossing facility not controlled by authorised person,"Pelican, puffin, toucan or similar non-junction pedestrian light crossing",At scene,55.9193226924,-3.13553984335,"{""type"": ""Feature"",""geometry"": {""type"": ""Point"",""coordinates"": -3.13553984335, 55.9193226924}}"
265613,,Slight,2,1,19/05/2013,Sunday,19,May,13,16,30,S12000036,Unclassified,,One way Street,30,Not at or within 20 metres of junction,unset,\,,Daylight: street lights present,Fine (without high winds),Dry,None,None,No overtaking,315150,673440,6454450,Segment,Bus,355224,unset,EH129DN,No crossing facility within 50m or physical crossing facility not controlled by authorised person,No physical crossing facility within 50m,Elsewhere,55.9465389076,-3.35878156777,"{""type"": ""Feature"",""geometry"": {""type"": ""Point"",""coordinates"": -3.35878156777, 55.9465389076}}"
265713,,Slight,2,1,20/05/2013,Monday,20,May,13,16,0,S12000036,Unclassified,,Single carriageway - 2 lanes,30,Not at or within 20 metres of junction,unset,\,,Daylight: street lights present,Raining (without high winds),Dry,None,None,No overtaking,319920,672280,0,Unset,T.V.N.P.,355225,unset,EH127JR,No crossing facility within 50m or physical crossing facility not controlled by authorised person,No physical crossing facility within 50m,At scene,55.9369363987,-3.28207296835,"{""type"": ""Feature"",""geometry"": {""type"": ""Point"",""coordinates"": -3.28207296835, 55.9369363987}}"
265913,,Serious,2,1,04/04/2013,Thursday,4,April,13,17,15,S12000036,Unclassified,,Single carriageway - 2 lanes,30,'T' or staggered junction,Give way sign or markings,Unclassified,,Daylight: street lights present,Fine (without high winds),Dry,None,None,No overtaking,324060,675930,519421,Junction,Cyclist,367546,unset,EH52PR,No crossing facility within 50m or physical crossing facility not controlled by authorised person,No physical crossing facility within 50m,Elsewhere,55.9703989612,-3.21683744586,"{""type"": ""Feature"",""geometry"": {""type"": ""Point"",""coordinates"": -3.21683744586, 55.9703989612}}"
266013,,Serious,1,1,18/05/2013,Saturday,18,May,13,16,30,S12000036,Unclassified,,Single carriageway - 2 lanes,30,Not at or within 20 metres of junction,unset,\,,Daylight: street lights present,Raining (without high winds),Dry,None,None,No overtaking,322740,671910,0,Unset,Pedestrian,355226,unset,EH141NP,No crossing facility within 50m or physical crossing facility not controlled by authorised person,No physical crossing facility within 50m,At scene,55.9340738393,-3.23683117094,"{""type"": ""Feature"",""geometry"": {""type"": ""Point"",""coordinates"": -3.23683117094, 55.9340738393}}"
266313,,Slight,2,1,22/05/2013,Wednesday,22,May,13,6,25,S12000036,C,,Single carriageway - 2 lanes,30,'T' or staggered junction,Give way sign or markings,Unclassified,,Daylight: street lights present,Fine (without high winds),Dry,None,None,No overtaking,323930,672560,521826,Junction,Cyclist,355227,unset,EH111BY,No crossing facility within 50m or physical crossing facility not controlled by authorised person,"Pelican, puffin, toucan or similar non-junction pedestrian light crossing",At scene,55.9401030467,-3.21796893816,"{""type"": ""Feature"",""geometry"": {""type"": ""Point"",""coordinates"": -3.21796893816, 55.9401030467}}"
266513,,Slight,4,1,21/05/2013,Tuesday,21,May,13,15,20,S12000036,B,6415,Single carriageway - 2 lanes,30,Not at or within 20 metres of junction,unset,\,,Daylight: street lights present,Fine (without high winds),Dry,None,None,No overtaking,331290,673500,563397,Segment,M.V.N.P.,355228,unset,EH152DJ,No crossing facility within 50m or physical crossing facility not controlled by authorised person,No physical crossing facility within 50m,At scene,55.949656475,-3.10039200606,"{""type"": ""Feature"",""geometry"": {""type"": ""Point"",""coordinates"": -3.10039200606, 55.949656475}}"
266613,,Serious,2,1,22/05/2013,Wednesday,22,May,13,16,50,S12000036,Unclassified,,Single carriageway - 2 lanes,30,'T' or staggered junction,Give way sign or markings,Unclassified,,Daylight: street lights present,Fine (without high winds),Dry,None,None,No overtaking,322950,671840,522246,Junction,T.V.N.P.,355229,unset,EH111QR,No crossing facility within 50m or physical crossing facility not controlled by authorised person,No physical crossing facility within 50m,At scene,55.9334786721,-3.23345024173,"{""type"": ""Feature"",""geometry"": {""type"": ""Point"",""coordinates"": -3.23345024173, 55.9334786721}}"
266713,,Slight,2,1,25/04/2013,Thursday,25,April,13,8,20,S12000036,C,,Unknown,20,Not at or within 20 metres of junction,unset,\,,Daylight: street lights present,Unknown,Dry,None,None,No overtaking,322940,672990,12223624,Segment,Cyclist,367547,unset,EH125PN,No crossing facility within 50m or physical crossing facility not controlled by authorised person,No physical crossing facility within 50m,Elsewhere,55.9438083851,-3.23393870617,"{""type"": ""Feature"",""geometry"": {""type"": ""Point"",""coordinates"": -3.23393870617, 55.9438083851}}"
266813,,Serious,2,1,22/05/2013,Wednesday,22,May,13,8,52,S12000036,C,,Single carriageway - 2 lanes,30,'T' or staggered junction,Give way sign or markings,Unclassified,,Daylight: street lights present,Fine (without high winds),Dry,None,None,No overtaking,322330,676650,518977,Junction,T.V.N.P.,355230,unset,EH51QW,No crossing facility within 50m or physical crossing facility not controlled by authorised person,No physical crossing facility within 50m,At scene,55.9765904938,-3.2447588232,"{""type"": ""Feature"",""geometry"": {""type"": ""Point"",""coordinates"": -3.2447588232, 55.9765904938}}"
267013,,Slight,1,1,22/05/2013,Wednesday,22,May,13,14,0,S12000036,A,901,Single carriageway - 2 lanes,30,Not at or within 20 metres of junction,unset,\,,Daylight: street lights present,Fine (without high winds),Dry,None,None,No overtaking,326360,676800,558749,Segment,Pedestrian,355231,unset,EH66NW,No crossing facility within 50m or physical crossing facility not controlled by authorised person,No physical crossing facility within 50m,At scene,55.9785731635,-3.18022991094,"{""type"": ""Feature"",""geometry"": {""type"": ""Point"",""coordinates"": -3.18022991094, 55.9785731635}}"
267113,,Slight,3,2,22/05/2013,Wednesday,22,May,13,18,0,S12000036,A,720,Dual carriageway - 2 lanes,70,Not at or within 20 metres of junction,unset,\,,Daylight: street lights present,Fine (without high winds),Dry,None,None,No overtaking,320420,668670,570540,Segment,M.V.N.P.,355232,unset,EH146BA,No crossing facility within 50m or physical crossing facility not controlled by authorised person,No physical crossing facility within 50m,At scene,55.9045884694,-3.27300678185,"{""type"": ""Feature"",""geometry"": {""type"": ""Point"",""coordinates"": -3.27300678185, 55.9045884694}}"
267413,,Slight,1,1,18/05/2013,Saturday,18,May,13,22,23,S12000036,A,900,Single carriageway - 2 lanes,30,Other junction,Automatic Traffic Signal,Unclassified,,Darkness: street lights present and lit,Raining (without high winds),Dry,None,None,No overtaking,325980,674140,520632,Junction,Pedestrian,355233,unset,EH13BJ,No crossing facility within 50m or physical crossing facility not controlled by authorised person,Pedestrian phase at traffic signal junction,Elsewhere,55.9546176252,-3.18558773417,"{""type"": ""Feature"",""geometry"": {""type"": ""Point"",""coordinates"": -3.18558773417, 55.9546176252}}"
270713,,Slight,1,1,23/05/2013,Thursday,23,May,13,23,57,S12000036,A,7,Single carriageway - 2 lanes,30,'T' or staggered junction,Give way sign or markings,Unclassified,,Darkness: street lights present and lit,Fine (without high winds),Dry,None,None,No overtaking,325960,673580,521106,Junction,Pedestrian,355234,unset,EH11LL,No crossing facility within 50m or physical crossing facility not controlled by authorised person,"Pelican, puffin, toucan or similar non-junction pedestrian light crossing",At scene,55.9495835643,-3.18575420842,"{""type"": ""Feature"",""geometry"": {""type"": ""Point"",""coordinates"": -3.18575420842, 55.9495835643}}"
271013,,Slight,1,1,24/05/2013,Friday,24,May,13,13,0,S12000036,Unclassified,,Single carriageway - 2 lanes,30,Crossroads,Give way sign or markings,Unclassified,,Daylight: street lights present,Fine (without high winds),Dry,None,None,No overtaking,323280,676740,12233130,Junction,Bus,355235,unset,EH51ND,No crossing facility within 50m or physical crossing facility not controlled by authorised person,No physical crossing facility within 50m,At scene,55.9775517843,-3.22956350581,"{""type"": ""Feature"",""geometry"": {""type"": ""Point"",""coordinates"": -3.22956350581, 55.9775517843}}"
271213,,Slight,1,1,23/05/2013,Thursday,23,May,13,10,5,S12000036,Unclassified,,Single carriageway - 2 lanes,30,'T' or staggered junction,Automatic Traffic Signal,Unclassified,,Daylight: street lights present,Fine (without high winds),Dry,None,None,No overtaking,324650,676010,519205,Junction,Bus,355236,unset,EH35QX,No crossing facility within 50m or physical crossing facility not controlled by authorised person,Pedestrian phase at traffic signal junction,At scene,55.9712106082,-3.20740823701,"{""type"": ""Feature"",""geometry"": {""type"": ""Point"",""coordinates"": -3.20740823701, 55.9712106082}}"
271313,,Slight,2,1,24/05/2013,Friday,24,May,13,21,30,S12000036,Unclassified,,Single carriageway - 2 lanes,30,'T' or staggered junction,Give way sign or markings,Unclassified,,Darkness: street lights present and lit,Fine (without high winds),Dry,None,None,No overtaking,319020,676580,518965,Junction,Cyclist,355237,unset,EH46NJ,No crossing facility within 50m or physical crossing facility not controlled by authorised person,No physical crossing facility within 50m,At scene,55.9754147375,-3.2977696567,"{""type"": ""Feature"",""geometry"": {""type"": ""Point"",""coordinates"": -3.2977696567, 55.9754147375}}"
271413,,Slight,2,1,21/05/2013,Tuesday,21,May,13,8,15,S12000036,Unclassified,,Roundabout,30,Roundabout,Give way sign or markings,Unclassified,,Daylight: street lights present,Fine (without high winds),Dry,None,None,No overtaking,318270,671140,0,Unset,Cyclist,355238,unset,EH129BU,No crossing facility within 50m or physical crossing facility not controlled by authorised person,Central refuge - no other controls,At scene,55.9264175554,-3.30813649983,"{""type"": ""Feature"",""geometry"": {""type"": ""Point"",""coordinates"": -3.30813649983, 55.9264175554}}"
271513,,Slight,2,1,25/05/2013,Saturday,25,May,13,18,30,S12000036,A,90,Single carriageway - 2 lanes,40,Crossroads,Automatic Traffic Signal,Unclassified,,Daylight: street lights present,Fine (without high winds),Dry,None,None,No overtaking,320640,675130,519720,Junction,T.V.N.P.,355239,unset,EH47AG,No crossing facility within 50m or physical crossing facility not controlled by authorised person,Pedestrian phase at traffic signal junction,At scene,55.9626590659,-3.27138784132,"{""type"": ""Feature"",""geometry"": {""type"": ""Point"",""coordinates"": -3.27138784132, 55.9626590659}}"
271613,,Slight,3,2,24/05/2013,Friday,24,May,13,16,23,S12000036,A,6095,Single carriageway - 2 lanes,30,Crossroads,Give way sign or markings,Unclassified,,Daylight: street lights present,Fine (without high winds),Dry,None,None,No overtaking,329360,671600,523791,Junction,M.V.N.P.,355240,unset,EH164EA,No crossing facility within 50m or physical crossing facility not controlled by authorised person,No physical crossing facility within 50m,At scene,55.9323068956,-3.1307968329,"{""type"": ""Feature"",""geometry"": {""type"": ""Point"",""coordinates"": -3.1307968329, 55.9323068956}}"
271713,,Slight,3,1,25/05/2013,Saturday,25,May,13,13,45,S12000036,Unclassified,,Single carriageway - 2 lanes,30,Not at or within 20 metres of junction,unset,\,,Daylight: street lights present,Fine (without high winds),Dry,None,None,No overtaking,325820,676280,563619,Segment,M.V.N.P.,355241,unset,EH64NW,No crossing facility within 50m or physical crossing facility not controlled by authorised person,No physical crossing facility within 50m,At scene,55.9738184219,-3.18873912013,"{""type"": ""Feature"",""geometry"": {""type"": ""Point"",""coordinates"": -3.18873912013, 55.9738184219}}"
271813,,Slight,3,1,25/05/2013,Saturday,25,May,13,15,0,S12000036,B,6415,Single carriageway - 2 lanes,30,Not at or within 20 metres of junction,unset,\,,Daylight: street lights present,Fine (without high winds),Dry,None,None,No overtaking,331120,673580,563403,Segment,M.V.N.P.,355242,unset,EH152DQ,No crossing facility within 50m or physical crossing facility not controlled by authorised person,No physical crossing facility within 50m,At scene,55.9503508708,-3.10313442899,"{""type"": ""Feature"",""geometry"": {""type"": ""Point"",""coordinates"": -3.10313442899, 55.9503508708}}"
273313,,Slight,2,1,25/05/2013,Saturday,25,May,13,18,55,S12000036,A,1,Dual carriageway - 2 lanes,40,Roundabout,Give way sign or markings,Unclassified,,Daylight: street lights present,Fine (without high winds),Dry,None,None,No overtaking,331250,672510,530989,Junction,T.V.N.P.,355243,unset,EH153SA,No crossing facility within 50m or physical crossing facility not controlled by authorised person,No physical crossing facility within 50m,At scene,55.940756428,-3.1007801271,"{""type"": ""Feature"",""geometry"": {""type"": ""Point"",""coordinates"": -3.1007801271, 55.940756428}}"
273513,,Serious,1,1,27/05/2013,Monday,27,May,13,9,55,S12000036,Unclassified,,Single carriageway - 2 lanes,30,Crossroads,Automatic Traffic Signal,A,8,Daylight: street lights present,Fine (without high winds),Dry,None,None,No overtaking,325360,673840,521028,Junction,S.V.N.P.,355244,unset,EH22HG,No crossing facility within 50m or physical crossing facility not controlled by authorised person,Pedestrian phase at traffic signal junction,At scene,55.9518265528,-3.19543287009,"{""type"": ""Feature"",""geometry"": {""type"": ""Point"",""coordinates"": -3.19543287009, 55.9518265528}}"
274613,,Slight,4,1,27/05/2013,Monday,27,May,13,8,25,S12000036,A,702,Single carriageway - 2 lanes,30,'T' or staggered junction,Give way sign or markings,Unclassified,,Daylight: street lights present,Fine (without high winds),Dry,None,None,No overtaking,324460,670710,529795,Junction,Cyclist,355245,unset,EH106AG,No crossing facility within 50m or physical crossing facility not controlled by authorised person,No physical crossing facility within 50m,At scene,55.9235665076,-3.20896746859,"{""type"": ""Feature"",""geometry"": {""type"": ""Point"",""coordinates"": -3.20896746859, 55.9235665076}}"
276113,,Slight,1,1,22/04/2013,Monday,22,April,13,12,30,S12000036,A,71,Single carriageway - 2 lanes,30,Not at or within 20 metres of junction,unset,\,,Daylight: street lights present,Fine (without high winds),Dry,None,None,No overtaking,322890,672250,549710,Segment,Bus,367548,unset,EH112PP,No crossing facility within 50m or physical crossing facility not controlled by authorised person,No physical crossing facility within 50m,At scene,55.9371523938,-3.23452763825,"{""type"": ""Feature"",""geometry"": {""type"": ""Point"",""coordinates"": -3.23452763825, 55.9371523938}}"
276313,,Slight,2,1,25/05/2013,Saturday,25,May,13,12,10,S12000036,C,,Dual carriageway - 2 lanes,30,Not at or within 20 metres of junction,unset,\,,Daylight: street lights present,Fine (without high winds),Dry,None,None,No overtaking,321910,676180,559751,Segment,T.V.N.P.,355246,unset,EH44HN,No crossing facility within 50m or physical crossing facility not controlled by authorised person,No physical crossing facility within 50m,Elsewhere,55.9723000495,-3.25135171957,"{""type"": ""Feature"",""geometry"": {""type"": ""Point"",""coordinates"": -3.25135171957, 55.9723000495}}"
281813,,Slight,2,2,28/05/2013,Tuesday,28,May,13,17,45,S12000036,A,903,Single carriageway - 2 lanes,30,'T' or staggered junction,Give way sign or markings,Unclassified,,Daylight: street lights present,Fine (without high winds),Dry,None,None,No overtaking,324260,676340,519178,Junction,T.V.N.P.,355247,unset,EH53RD,No crossing facility within 50m or physical crossing facility not controlled by authorised person,Central refuge - no other controls,At scene,55.9741138946,-3.21374885127,"{""type"": ""Feature"",""geometry"": {""type"": ""Point"",""coordinates"": -3.21374885127, 55.9741138946}}"
281913,,Slight,2,1,28/05/2013,Tuesday,28,May,13,13,0,S12000036,Unclassified,,Single carriageway - 2 lanes,30,Not at or within 20 metres of junction,unset,\,,Daylight: street lights present,Fine (without high winds),Dry,None,None,No overtaking,328240,671610,522747,Junction,T.V.N.P.,355248,unset,EH165UU,No crossing facility within 50m or physical crossing facility not controlled by authorised person,Zebra crossing,Elsewhere,55.9322309049,-3.14872429937,"{""type"": ""Feature"",""geometry"": {""type"": ""Point"",""coordinates"": -3.14872429937, 55.9322309049}}"
282013,,Slight,3,1,28/05/2013,Tuesday,28,May,13,16,37,S12000036,A,701,Single carriageway - 2 lanes,30,'T' or staggered junction,Give way sign or markings,Unclassified,,Daylight: street lights present,Fine (without high winds),Dry,None,None,No overtaking,327470,667550,532618,Junction,M.V.N.P.,355249,unset,EH178AJ,No crossing facility within 50m or physical crossing facility not controlled by authorised person,No physical crossing facility within 50m,At scene,55.8956402251,-3.15995791513,"{""type"": ""Feature"",""geometry"": {""type"": ""Point"",""coordinates"": -3.15995791513, 55.8956402251}}"
282213,,Slight,2,1,29/05/2013,Wednesday,29,May,13,7,45,S12000036,Unclassified,,Single carriageway - 2 lanes,30,Crossroads,Give way sign or markings,Unclassified,,Daylight: street lights present,Fine (without high winds),Dry,None,None,No overtaking,319810,674750,0,Unset,Cyclist,355250,unset,EH47PS,No crossing facility within 50m or physical crossing facility not controlled by authorised person,No physical crossing facility within 50m,At scene,55.9591074704,-3.28456803787,"{""type"": ""Feature"",""geometry"": {""type"": ""Point"",""coordinates"": -3.28456803787, 55.9591074704}}"
282313,,Serious,2,1,21/05/2013,Tuesday,21,May,13,15,45,S12000036,A,90,Single carriageway - 2 lanes,40,Other junction,Give way sign or markings,Unclassified,,Daylight: street lights present,Fine (without high winds),Dry,None,None,No overtaking,319160,674910,519972,Junction,Cyclist,355251,unset,EH47QD,No crossing facility within 50m or physical crossing facility not controlled by authorised person,No physical crossing facility within 50m,Elsewhere,55.9604358916,-3.29502544298,"{""type"": ""Feature"",""geometry"": {""type"": ""Point"",""coordinates"": -3.29502544298, 55.9604358916}}"
282413,,Serious,1,1,30/05/2013,Thursday,30,May,13,12,0,S12000036,Unclassified,,Single carriageway - 2 lanes,30,Not at or within 20 metres of junction,unset,\,,Daylight: street lights present,Fine (without high winds),Dry,None,None,No overtaking,319680,671800,551815,Segment,Pedestrian,355252,unset,EH129AB,No crossing facility within 50m or physical crossing facility not controlled by authorised person,\7,At scene,55.9325842473,-3.2857714146,"{""type"": ""Feature"",""geometry"": {""type"": ""Point"",""coordinates"": -3.2857714146, 55.9325842473}}"
282613,,Slight,1,1,29/05/2013,Wednesday,29,May,13,14,30,S12000036,C,,Single carriageway - 2 lanes,30,Not at or within 20 metres of junction,unset,\,,Daylight: street lights present,Fine (without high winds),Dry,None,None,No overtaking,325180,673070,567111,Segment,Pedestrian,355253,unset,EH39HH,No crossing facility within 50m or physical crossing facility not controlled by authorised person,Pedestrian phase at traffic signal junction,Elsewhere,55.9448809899,-3.19810139903,"{""type"": ""Feature"",""geometry"": {""type"": ""Point"",""coordinates"": -3.19810139903, 55.9448809899}}"
285613,,Serious,2,1,01/06/2013,Saturday,1,June,13,15,45,S12000036,Unclassified,,Single carriageway - 2 lanes,40,'T' or staggered junction,Give way sign or markings,B,924,Daylight: street lights present,Fine (without high winds),Dry,None,None,No overtaking,314180,678220,3948107,Junction,T.V.N.P.,358054,unset,EH309TF,No crossing facility within 50m or physical crossing facility not controlled by authorised person,No physical crossing facility within 50m,At scene,55.9893064054,-3.37583314776,"{""type"": ""Feature"",""geometry"": {""type"": ""Point"",""coordinates"": -3.37583314776, 55.9893064054}}"
285813,,Slight,2,1,29/05/2013,Wednesday,29,May,13,16,45,S12000036,C,,Single carriageway - 2 lanes,30,Not at or within 20 metres of junction,unset,\,,Daylight: street lights present,Fine (without high winds),Dry,None,None,No overtaking,323220,675070,559994,Segment,T.V.N.P.,355254,unset,EH41QL,No crossing facility within 50m or physical crossing facility not controlled by authorised person,"Pelican, puffin, toucan or similar non-junction pedestrian light crossing",At scene,55.962539382,-3.23004871571,"{""type"": ""Feature"",""geometry"": {""type"": ""Point"",""coordinates"": -3.23004871571, 55.962539382}}"
286013,,Slight,1,1,30/05/2013,Thursday,30,May,13,3,30,S12000036,A,720,Dual carriageway - 2 lanes,70,Not at or within 20 metres of junction,unset,\,,Darkness: no street lighting,Fine (without high winds),Dry,None,None,No overtaking,329840,667580,2579205,Segment,S.V.N.P.,355255,unset,EH181AT,No crossing facility within 50m or physical crossing facility not controlled by authorised person,No physical crossing facility within 50m,At scene,55.8962608972,-3.12207106294,"{""type"": ""Feature"",""geometry"": {""type"": ""Point"",""coordinates"": -3.12207106294, 55.8962608972}}"
286113,,Slight,2,1,28/05/2013,Tuesday,28,May,13,8,45,S12000036,Unclassified,,Single carriageway - 2 lanes,30,'T' or staggered junction,Automatic Traffic Signal,C,,Daylight: street lights present,Fine (without high winds),Dry,None,None,No overtaking,324700,674020,520485,Junction,Cyclist,355256,unset,EH24DR,Control by other authorised person,Pedestrian phase at traffic signal junction,Elsewhere,55.9533406703,-3.20605107118,"{""type"": ""Feature"",""geometry"": {""type"": ""Point"",""coordinates"": -3.20605107118, 55.9533406703}}"
286613,,Serious,2,1,03/06/2013,Monday,3,June,13,6,0,S12000036,A,720,Dual carriageway - 2 lanes,70,Slip road,Give way sign or markings,A,720,Daylight: street lights present,Fine (without high winds),Dry,None,None,No overtaking,324530,667800,2588177,Junction,T.V.N.P.,358055,unset,EH107DS,No crossing facility within 50m or physical crossing facility not controlled by authorised person,No physical crossing facility within 50m,At scene,55.8974343991,-3.20703498923,"{""type"": ""Feature"",""geometry"": {""type"": ""Point"",""coordinates"": -3.20703498923, 55.8974343991}}"
286813,,Slight,3,3,30/05/2013,Thursday,30,May,13,7,30,S12000036,Motorway,8,Dual carriageway - 2 lanes,70,Not at or within 20 metres of junction,unset,\,,Daylight: street lights present,Fine (without high winds),Dry,None,None,No overtaking,313780,671560,6452039,Segment,M.V.N.P.,355257,unset,EH288QU,No crossing facility within 50m or physical crossing facility not controlled by authorised person,No physical crossing facility within 50m,At scene,55.9294066254,-3.38011285705,"{""type"": ""Feature"",""geometry"": {""type"": ""Point"",""coordinates"": -3.38011285705, 55.9294066254}}"
288213,,Slight,2,3,30/05/2013,Thursday,30,May,13,19,45,S12000036,A,6106,Single carriageway - 2 lanes,30,'T' or staggered junction,Give way sign or markings,Unclassified,,Daylight: street lights present,Fine (without high winds),Dry,None,None,No overtaking,330430,672520,532570,Junction,Bus,355258,unset,EH153LJ,No crossing facility within 50m or physical crossing facility not controlled by authorised person,"Pelican, puffin, toucan or similar non-junction pedestrian light crossing",At scene,55.9407282983,-3.1139092365,"{""type"": ""Feature"",""geometry"": {""type"": ""Point"",""coordinates"": -3.1139092365, 55.9407282983}}"
288413,,Slight,2,1,30/05/2013,Thursday,30,May,13,21,0,S12000036,A,900,Single carriageway - 2 lanes,30,Not at or within 20 metres of junction,unset,\,,Daylight: street lights present,Fine (without high winds),Dry,None,None,No overtaking,326920,675820,0,Unset,T.V.N.P.,355259,unset,EH68LS,No crossing facility within 50m or physical crossing facility not controlled by authorised person,Pedestrian phase at traffic signal junction,At scene,55.9698545139,-3.17099087802,"{""type"": ""Feature"",""geometry"": {""type"": ""Point"",""coordinates"": -3.17099087802, 55.9698545139}}"
288513,,Slight,4,1,30/05/2013,Thursday,30,May,13,18,35,S12000036,A,720,Dual carriageway - 2 lanes,70,Not at or within 20 metres of junction,unset,\,,Daylight: street lights present,Fine (without high winds),Dry,None,None,No overtaking,331700,667960,2579269,Segment,M.V.N.P.,355260,unset,EH221RT,No crossing facility within 50m or physical crossing facility not controlled by authorised person,No physical crossing facility within 50m,At scene,55.8999423373,-3.09242612576,"{""type"": ""Feature"",""geometry"": {""type"": ""Point"",""coordinates"": -3.09242612576, 55.8999423373}}"
288613,,Slight,2,1,31/05/2013,Friday,31,May,13,8,15,S12000036,Unclassified,,Single carriageway - 2 lanes,30,'T' or staggered junction,Give way sign or markings,Unclassified,,Daylight: street lights present,Fine (without high winds),Dry,None,None,No overtaking,312440,672230,12231704,Junction,Cyclist,355261,unset,EH288PJ,No crossing facility within 50m or physical crossing facility not controlled by authorised person,No physical crossing facility within 50m,At scene,55.9351832448,-3.40177223093,"{""type"": ""Feature"",""geometry"": {""type"": ""Point"",""coordinates"": -3.40177223093, 55.9351832448}}"
288813,,Slight,3,1,31/05/2013,Friday,31,May,13,17,20,S12000036,A,701,Single carriageway - 2 lanes,30,Not at or within 20 metres of junction,unset,\,,Daylight: street lights present,Fine (without high winds),Dry,None,None,No overtaking,326990,671360,569339,Segment,M.V.N.P.,355262,unset,EH165PF,No crossing facility within 50m or physical crossing facility not controlled by authorised person,No physical crossing facility within 50m,At scene,55.9297967515,-3.16866187674,"{""type"": ""Feature"",""geometry"": {""type"": ""Point"",""coordinates"": -3.16866187674, 55.9297967515}}"