acc_ref,beat_no,severity,no_vehicle,no_casualt,a_date,a_day,a_date_day,a_date_mon,a_date_yr,a_time_hr,a_time_min,loc_auth,road1_class,road1_no,road_type,speed_limi,junc_det,junc_ctrl,road2_class,road2_no,light_cond,weather,road_surf,spec_cond,cway_hzrds,ovrtk_patrn,easting,northing,net_id,net_type,acc_type,text_id,division,Postcode,ped_xing_hc,ped_xing_p,place_reported,latitude,longitude,geojson
317413,,Slight,2,1,13/06/2013,Thursday,13,June,13,18,0,S12000036,A,71,Single carriageway - 2 lanes,30,'T' or staggered junction,Give way sign or markings,Unclassified,,Daylight: street lights present,Fine (without high winds),Dry,None,None,No overtaking,322950,672270,521961,Junction,Cyclist,358100,unset,EH112PL,Control by other authorised person,Pedestrian phase at traffic signal junction,Elsewhere,55.9373416881,-3.23357300185,"{""type"": ""Feature"",""geometry"": {""type"": ""Point"",""coordinates"": -3.23357300185, 55.9373416881}}"
318013,,Slight,2,1,14/06/2013,Friday,14,June,13,16,40,S12000036,Unclassified,,Single carriageway - 2 lanes,30,Crossroads,Automatic Traffic Signal,A,772,Daylight: street lights present,Fine (without high winds),Dry,None,None,No overtaking,329250,668690,530257,Junction,T.V.N.P.,358101,unset,EH178RQ,No crossing facility within 50m or physical crossing facility not controlled by authorised person,No physical crossing facility within 50m,Elsewhere,55.9061469635,-3.13179524525,"{""type"": ""Feature"",""geometry"": {""type"": ""Point"",""coordinates"": -3.13179524525, 55.9061469635}}"
318413,,Slight,1,1,14/06/2013,Friday,14,June,13,8,47,S12000036,Unclassified,,Single carriageway - 2 lanes,30,Not at or within 20 metres of junction,unset,\,,Daylight: street lights present,Fine (without high winds),Dry,None,None,No overtaking,324280,670330,564716,Segment,Pedestrian,358102,unset,EH105QR,No crossing facility within 50m or physical crossing facility not controlled by authorised person,No physical crossing facility within 50m,Elsewhere,55.920124344,-3.21174100358,"{""type"": ""Feature"",""geometry"": {""type"": ""Point"",""coordinates"": -3.21174100358, 55.920124344}}"
318813,,Slight,2,1,14/06/2013,Friday,14,June,13,10,59,S12000036,Unclassified,,Single carriageway - 2 lanes,30,Not at or within 20 metres of junction,unset,\,,Daylight: street lights present,Fine (without high winds),Dry,None,None,No overtaking,320610,670360,0,Unset,T.V.N.P.,358103,unset,EH142AB,No crossing facility within 50m or physical crossing facility not controlled by authorised person,No physical crossing facility within 50m,Elsewhere,55.9198022383,-3.27046467212,"{""type"": ""Feature"",""geometry"": {""type"": ""Point"",""coordinates"": -3.27046467212, 55.9198022383}}"
319013,,Serious,2,1,13/06/2013,Thursday,13,June,13,16,0,S12000036,A,90,Dual carriageway - 2 lanes,50,Not at or within 20 metres of junction,unset,\,,Daylight: street lights present,Fine (without high winds),Dry,None,None,No overtaking,312470,678460,555393,Segment,T.V.N.P.,358104,unset,EH309SQ,No crossing facility within 50m or physical crossing facility not controlled by authorised person,No physical crossing facility within 50m,At scene,55.991153472,-3.40331615387,"{""type"": ""Feature"",""geometry"": {""type"": ""Point"",""coordinates"": -3.40331615387, 55.991153472}}"
319413,,Slight,1,1,14/06/2013,Friday,14,June,13,18,0,S12000036,Unclassified,,Single carriageway - 2 lanes,30,Crossroads,Automatic Traffic Signal,Unclassified,,Daylight: street lights present,Fine (without high winds),Dry,None,None,No overtaking,324300,670240,530011,Junction,Bus,358105,unset,EH106ER,No crossing facility within 50m or physical crossing facility not controlled by authorised person,No physical crossing facility within 50m,Elsewhere,55.9193189444,-3.21139580688,"{""type"": ""Feature"",""geometry"": {""type"": ""Point"",""coordinates"": -3.21139580688, 55.9193189444}}"
320413,,Slight,2,1,12/06/2013,Wednesday,12,June,13,20,10,S12000036,C,,Single carriageway - 2 lanes,30,Not at or within 20 metres of junction,unset,\,,Daylight: street lights present,Fine (without high winds),Dry,None,None,No overtaking,326820,673820,521187,Junction,Cyclist,358106,unset,EH88AZ,No crossing facility within 50m or physical crossing facility not controlled by authorised person,No physical crossing facility within 50m,At scene,55.9518714396,-3.17204966585,"{""type"": ""Feature"",""geometry"": {""type"": ""Point"",""coordinates"": -3.17204966585, 55.9518714396}}"
320513,,Slight,2,1,13/06/2013,Thursday,13,June,13,6,50,S12000036,A,7,Single carriageway - 2 lanes,30,Other junction,Give way sign or markings,C,,Daylight: street lights present,Fine (without high winds),Dry,None,None,No overtaking,328490,670400,530119,Junction,T.V.N.P.,358107,unset,EH164SZ,Control by other authorised person,Pedestrian phase at traffic signal junction,At scene,55.9213974338,-3.14440280155,"{""type"": ""Feature"",""geometry"": {""type"": ""Point"",""coordinates"": -3.14440280155, 55.9213974338}}"
320713,,Slight,1,1,12/06/2013,Wednesday,12,June,13,14,45,S12000036,Unclassified,,Single carriageway - 2 lanes,30,Crossroads,Authorised Person,Unclassified,,Daylight: street lights present,Fine (without high winds),Dry,None,None,No overtaking,312510,678360,3948436,Junction,S.V.N.P.,358108,unset,EH309RH,Control by school crossing patrol,"Pelican, puffin, toucan or similar non-junction pedestrian light crossing",At scene,55.9902624605,-3.4026425436,"{""type"": ""Feature"",""geometry"": {""type"": ""Point"",""coordinates"": -3.4026425436, 55.9902624605}}"
321713,,Slight,2,1,14/06/2013,Friday,14,June,13,8,45,S12000036,Unclassified,,Single carriageway - 2 lanes,30,Not at or within 20 metres of junction,unset,\,,Daylight: street lights present,Fine (without high winds),Dry,None,None,No overtaking,327030,676430,12238242,Segment,Cyclist,358109,unset,EH66RA,No crossing facility within 50m or physical crossing facility not controlled by authorised person,No physical crossing facility within 50m,At scene,55.9753514301,-3.16939403239,"{""type"": ""Feature"",""geometry"": {""type"": ""Point"",""coordinates"": -3.16939403239, 55.9753514301}}"
321913,,Serious,2,1,15/06/2013,Saturday,15,June,13,14,30,S12000036,C,,Single carriageway - 2 lanes,30,Crossroads,Automatic Traffic Signal,Unclassified,,Daylight: street lights present,Fine (without high winds),Dry,None,None,No overtaking,326640,671360,531451,Junction,Cyclist,358110,unset,EH93AF,No crossing facility within 50m or physical crossing facility not controlled by authorised person,Pedestrian phase at traffic signal junction,At scene,55.9297434895,-3.17426296272,"{""type"": ""Feature"",""geometry"": {""type"": ""Point"",""coordinates"": -3.17426296272, 55.9297434895}}"
322713,,Slight,2,1,15/06/2013,Saturday,15,June,13,21,0,S12000036,A,720,Dual carriageway - 2 lanes,70,Not at or within 20 metres of junction,unset,\,,Daylight: street lights present,Fine (without high winds),Dry,None,None,No overtaking,331270,667900,2579296,Segment,T.V.N.P.,358111,unset,EH181AS,No crossing facility within 50m or physical crossing facility not controlled by authorised person,No physical crossing facility within 50m,At scene,55.8993420904,-3.09928710804,"{""type"": ""Feature"",""geometry"": {""type"": ""Point"",""coordinates"": -3.09928710804, 55.8993420904}}"
322913,,Serious,2,1,15/06/2013,Saturday,15,June,13,16,30,S12000036,C,,Single carriageway - 2 lanes,30,Not at or within 20 metres of junction,unset,\,,Daylight: street lights present,Fine (without high winds),Dry,None,None,No overtaking,325630,673530,567096,Segment,Cyclist,358112,unset,EH11RN,No crossing facility within 50m or physical crossing facility not controlled by authorised person,Central refuge - no other controls,At scene,55.9490834143,-3.19102410295,"{""type"": ""Feature"",""geometry"": {""type"": ""Point"",""coordinates"": -3.19102410295, 55.9490834143}}"
323213,,Slight,2,2,15/06/2013,Saturday,15,June,13,12,20,S12000036,Unclassified,,Single carriageway - 2 lanes,30,Not at or within 20 metres of junction,unset,\,,Daylight: street lights present,Fine (without high winds),Dry,None,None,No overtaking,327010,674240,558982,Segment,T.V.N.P.,358113,unset,EH88EH,No crossing facility within 50m or physical crossing facility not controlled by authorised person,No physical crossing facility within 50m,Elsewhere,55.9556735939,-3.16912106222,"{""type"": ""Feature"",""geometry"": {""type"": ""Point"",""coordinates"": -3.16912106222, 55.9556735939}}"
324313,,Slight,2,1,17/06/2013,Monday,17,June,13,10,50,S12000036,Unclassified,,Roundabout,30,Roundabout,Give way sign or markings,A,71,Daylight: street lights present,Fine (without high winds),Dry,None,None,No overtaking,320030,670870,529690,Junction,T.V.N.P.,358114,unset,EH113TA,No crossing facility within 50m or physical crossing facility not controlled by authorised person,\7,At scene,55.9242878246,-3.27989470792,"{""type"": ""Feature"",""geometry"": {""type"": ""Point"",""coordinates"": -3.27989470792, 55.9242878246}}"
325913,,Slight,1,1,16/06/2013,Sunday,16,June,13,13,25,S12000036,Unclassified,,Single carriageway - 2 lanes,30,Not at or within 20 metres of junction,unset,\,,Daylight: street lights present,Fine (without high winds),Dry,None,None,No overtaking,322400,677310,12226736,Segment,Pedestrian,358115,unset,EH51QF,No crossing facility within 50m or physical crossing facility not controlled by authorised person,No physical crossing facility within 50m,At scene,55.9825310286,-3.24382758211,"{""type"": ""Feature"",""geometry"": {""type"": ""Point"",""coordinates"": -3.24382758211, 55.9825310286}}"
326213,,Slight,2,1,18/06/2013,Tuesday,18,June,13,16,30,S12000036,Unclassified,,Single carriageway - 2 lanes,30,'T' or staggered junction,Give way sign or markings,Unclassified,,Daylight: street lights present,Fine (without high winds),Dry,None,None,No overtaking,323340,674080,520437,Junction,T.V.N.P.,358116,unset,EH43EQ,Control by other authorised person,Pedestrian phase at traffic signal junction,At scene,55.9536646425,-3.22784515321,"{""type"": ""Feature"",""geometry"": {""type"": ""Point"",""coordinates"": -3.22784515321, 55.9536646425}}"
326513,,Slight,2,3,18/06/2013,Tuesday,18,June,13,13,45,S12000036,A,7,Single carriageway - 2 lanes,30,Not at or within 20 metres of junction,unset,\,,Daylight: street lights present,Fine (without high winds),Dry,None,None,No overtaking,325900,673820,569270,Segment,Bus,358117,unset,EH88DN,No crossing facility within 50m or physical crossing facility not controlled by authorised person,No physical crossing facility within 50m,At scene,55.9517304502,-3.18678083746,"{""type"": ""Feature"",""geometry"": {""type"": ""Point"",""coordinates"": -3.18678083746, 55.9517304502}}"
327113,,Slight,2,1,17/06/2013,Monday,17,June,13,8,20,S12000036,Unclassified,,Single carriageway - 2 lanes,30,'T' or staggered junction,Give way sign or markings,Unclassified,,Daylight: street lights present,Fine (without high winds),Dry,None,None,No overtaking,328280,674150,523383,Junction,Cyclist,358118,unset,EH87AD,No crossing facility within 50m or physical crossing facility not controlled by authorised person,No physical crossing facility within 50m,Elsewhere,55.9550562926,-3.14875946489,"{""type"": ""Feature"",""geometry"": {""type"": ""Point"",""coordinates"": -3.14875946489, 55.9550562926}}"
327313,,Slight,2,2,18/06/2013,Tuesday,18,June,13,14,0,S12000036,A,90,Dual carriageway - 2 lanes,70,Not at or within 20 metres of junction,unset,\,,Daylight: street lights present,Fine (without high winds),Dry,None,None,No overtaking,312470,677970,555675,Segment,T.V.N.P.,358119,unset,EH309SF,No crossing facility within 50m or physical crossing facility not controlled by authorised person,No physical crossing facility within 50m,At scene,55.9867517692,-3.40315669952,"{""type"": ""Feature"",""geometry"": {""type"": ""Point"",""coordinates"": -3.40315669952, 55.9867517692}}"
327413,,Slight,1,1,18/06/2013,Tuesday,18,June,13,16,40,S12000036,C,,Roundabout,30,Roundabout,Give way sign or markings,A,900,Daylight: street lights present,Fog (or mist if hazard),Dry,None,None,No overtaking,326020,674360,520656,Junction,Bus,358120,unset,EH13JT,No crossing facility within 50m or physical crossing facility not controlled by authorised person,Pedestrian phase at traffic signal junction,At scene,55.9566002415,-3.18500758566,"{""type"": ""Feature"",""geometry"": {""type"": ""Point"",""coordinates"": -3.18500758566, 55.9566002415}}"
327713,,Serious,1,1,25/06/2013,Tuesday,25,June,13,17,39,S12000036,Unclassified,,Single carriageway - 2 lanes,30,Crossroads,Give way sign or markings,Unclassified,,Daylight: street lights present,Fine (without high winds),Dry,None,None,No overtaking,326100,676270,12238048,Junction,Pedestrian,358121,unset,EH64DG,No crossing facility within 50m or physical crossing facility not controlled by authorised person,No physical crossing facility within 50m,At scene,55.9737717617,-3.18425043813,"{""type"": ""Feature"",""geometry"": {""type"": ""Point"",""coordinates"": -3.18425043813, 55.9737717617}}"
329013,,Slight,2,1,18/06/2013,Tuesday,18,June,13,15,35,S12000036,Unclassified,,Single carriageway - 2 lanes,30,Other junction,Give way sign or markings,Unclassified,,Daylight: street lights present,Fine (without high winds),Dry,None,None,No overtaking,324490,672380,10308877,Junction,Cyclist,358122,unset,EH104LG,No crossing facility within 50m or physical crossing facility not controlled by authorised person,No physical crossing facility within 50m,At scene,55.9385742431,-3.20895456817,"{""type"": ""Feature"",""geometry"": {""type"": ""Point"",""coordinates"": -3.20895456817, 55.9385742431}}"
330313,,Slight,3,1,19/06/2013,Wednesday,19,June,13,17,0,S12000036,A,90,Single carriageway - 2 lanes,30,Not at or within 20 metres of junction,unset,\,,Daylight: street lights present,Fine (without high winds),Dry,None,None,No overtaking,324250,674050,555591,Segment,Cyclist,358123,unset,EH43AS,No crossing facility within 50m or physical crossing facility not controlled by authorised person,No physical crossing facility within 50m,At scene,55.953539453,-3.21326516537,"{""type"": ""Feature"",""geometry"": {""type"": ""Point"",""coordinates"": -3.21326516537, 55.953539453}}"
331013,,Slight,2,1,19/06/2013,Wednesday,19,June,13,12,30,S12000036,C,,Single carriageway - 2 lanes,30,Crossroads,Give way sign or markings,Unclassified,,Daylight: street lights present,Fine (without high winds),Dry,None,None,No overtaking,326060,673520,521136,Junction,T.V.N.P.,358124,unset,EH11NA,No crossing facility within 50m or physical crossing facility not controlled by authorised person,No physical crossing facility within 50m,At scene,55.9490599267,-3.18413663602,"{""type"": ""Feature"",""geometry"": {""type"": ""Point"",""coordinates"": -3.18413663602, 55.9490599267}}"
331213,,Slight,2,1,20/06/2013,Thursday,20,June,13,10,0,S12000036,Unclassified,,Single carriageway - 2 lanes,30,Other junction,Automatic Traffic Signal,Unclassified,,Daylight: street lights present,Other,Dry,None,None,No overtaking,325490,673650,521025,Junction,Cyclist,358125,unset,EH12LU,No crossing facility within 50m or physical crossing facility not controlled by authorised person,Pedestrian phase at traffic signal junction,At scene,55.9501397931,-3.1932987942,"{""type"": ""Feature"",""geometry"": {""type"": ""Point"",""coordinates"": -3.1932987942, 55.9501397931}}"
331413,,Slight,2,2,19/06/2013,Wednesday,19,June,13,10,54,S12000036,A,720,Dual carriageway - 2 lanes,70,Slip road,Give way sign or markings,Unclassified,,Daylight: street lights present,Fine (without high winds),Dry,None,None,No overtaking,320220,669050,2578952,Junction,T.V.N.P.,358126,unset,EH145BP,No crossing facility within 50m or physical crossing facility not controlled by authorised person,No physical crossing facility within 50m,At scene,55.9079691529,-3.27631732614,"{""type"": ""Feature"",""geometry"": {""type"": ""Point"",""coordinates"": -3.27631732614, 55.9079691529}}"
331613,,Slight,1,1,20/06/2013,Thursday,20,June,13,16,0,S12000036,Unclassified,,Single carriageway - 2 lanes,30,Not at or within 20 metres of junction,unset,\,,Daylight: street lights present,Fine (without high winds),Dry,None,None,No overtaking,312280,674170,0,Unset,Pedestrian,358127,unset,EH299DW,No crossing facility within 50m or physical crossing facility not controlled by authorised person,No physical crossing facility within 50m,At scene,55.9525813495,-3.40496372516,"{""type"": ""Feature"",""geometry"": {""type"": ""Point"",""coordinates"": -3.40496372516, 55.9525813495}}"
332113,,Serious,1,1,30/06/2013,Sunday,30,June,13,1,55,S12000036,C,,Single carriageway - 2 lanes,30,'T' or staggered junction,Give way sign or markings,Unclassified,,Darkness: street lights present but unlit,Fine (without high winds),Dry,None,None,No overtaking,325460,673080,521475,Junction,Pedestrian,358128,unset,EH39EE,No crossing facility within 50m or physical crossing facility not controlled by authorised person,No physical crossing facility within 50m,At scene,55.9450143332,-3.1936215862,"{""type"": ""Feature"",""geometry"": {""type"": ""Point"",""coordinates"": -3.1936215862, 55.9450143332}}"
333513,,Slight,2,2,20/06/2013,Thursday,20,June,13,22,44,S12000036,A,902,Single carriageway - 2 lanes,30,Other junction,Automatic Traffic Signal,Unclassified,,Darkness: street lights present and lit,Fine (without high winds),Dry,None,None,No overtaking,322510,674970,520062,Junction,T.V.N.P.,358129,unset,EH42NG,No crossing facility within 50m or physical crossing facility not controlled by authorised person,Pedestrian phase at traffic signal junction,At scene,55.9615269966,-3.2413914722,"{""type"": ""Feature"",""geometry"": {""type"": ""Point"",""coordinates"": -3.2413914722, 55.9615269966}}"
334613,,Slight,3,1,20/06/2013,Thursday,20,June,13,8,0,S12000036,Motorway,9,Roundabout,50,Roundabout,Automatic Traffic Signal,Unclassified,,Darkness: street lights present but unlit,Fine (without high winds),Dry,None,None,No overtaking,312530,672610,517573,Junction,M.V.N.P.,358130,unset,EH288PJ,No crossing facility within 50m or physical crossing facility not controlled by authorised person,No physical crossing facility within 50m,At scene,55.938613224,-3.40045504714,"{""type"": ""Feature"",""geometry"": {""type"": ""Point"",""coordinates"": -3.40045504714, 55.938613224}}"
335513,,Slight,1,1,21/06/2013,Friday,21,June,13,23,55,S12000036,A,772,Roundabout,30,Roundabout,Give way sign or markings,Unclassified,,Darkness: street lights present and lit,Fine (without high winds),Dry,None,None,No overtaking,329770,668360,530350,Junction,S.V.N.P.,358131,unset,EH178RZ,No crossing facility within 50m or physical crossing facility not controlled by authorised person,No physical crossing facility within 50m,At scene,55.9032583424,-3.12339284831,"{""type"": ""Feature"",""geometry"": {""type"": ""Point"",""coordinates"": -3.12339284831, 55.9032583424}}"
336413,,Slight,1,1,22/06/2013,Saturday,22,June,13,19,0,S12000036,C,,Single carriageway - 2 lanes,30,Not at or within 20 metres of junction,unset,\,,Daylight: street lights present,Fine (without high winds),Dry,None,None,No overtaking,324840,673900,566537,Segment,Pedestrian,358132,unset,EH24JN,No crossing facility within 50m or physical crossing facility not controlled by authorised person,No physical crossing facility within 50m,At scene,55.9522845298,-3.2037758471,"{""type"": ""Feature"",""geometry"": {""type"": ""Point"",""coordinates"": -3.2037758471, 55.9522845298}}"
336613,,Slight,1,1,21/06/2013,Friday,21,June,13,19,0,S12000036,C,,Single carriageway - 2 lanes,30,'T' or staggered junction,Automatic Traffic Signal,A,199,Daylight: street lights present,Fine (without high winds),Dry,None,None,No overtaking,328210,675980,523242,Junction,Pedestrian,358133,unset,EH67QP,No crossing facility within 50m or physical crossing facility not controlled by authorised person,Pedestrian phase at traffic signal junction,At scene,55.9714865395,-3.15036806187,"{""type"": ""Feature"",""geometry"": {""type"": ""Point"",""coordinates"": -3.15036806187, 55.9714865395}}"
338613,,Slight,2,1,24/06/2013,Monday,24,June,13,9,0,S12000036,A,90,Single carriageway - 2 lanes,30,Not at or within 20 metres of junction,unset,\,,Daylight: street lights present,Fine (without high winds),Dry,None,None,No overtaking,324080,674250,555582,Segment,T.V.N.P.,358134,unset,EH43AD,No crossing facility within 50m or physical crossing facility not controlled by authorised person,No physical crossing facility within 50m,At scene,55.9553093802,-3.21604364391,"{""type"": ""Feature"",""geometry"": {""type"": ""Point"",""coordinates"": -3.21604364391, 55.9553093802}}"
339313,,Serious,2,1,26/06/2013,Wednesday,26,June,13,8,40,S12000036,C,,Single carriageway - 2 lanes,30,Not at or within 20 metres of junction,unset,\,,Daylight: street lights present,Fine (without high winds),Dry,None,None,No overtaking,324710,672980,559484,Segment,T.V.N.P.,358135,unset,EH39QA,No crossing facility within 50m or physical crossing facility not controlled by authorised person,No physical crossing facility within 50m,At scene,55.9439990524,-3.20560057444,"{""type"": ""Feature"",""geometry"": {""type"": ""Point"",""coordinates"": -3.20560057444, 55.9439990524}}"
339613,,Slight,2,1,25/06/2013,Tuesday,25,June,13,17,30,S12000036,A,901,Single carriageway - 2 lanes,30,Other junction,Give way sign or markings,Unclassified,,Daylight: street lights present,Fine (without high winds),Dry,None,None,No overtaking,325200,677000,518953,Junction,T.V.N.P.,358136,unset,EH53BX,No crossing facility within 50m or physical crossing facility not controlled by authorised person,No physical crossing facility within 50m,At scene,55.9801905771,-3.19887229863,"{""type"": ""Feature"",""geometry"": {""type"": ""Point"",""coordinates"": -3.19887229863, 55.9801905771}}"
342013,,Serious,1,1,24/06/2013,Monday,24,June,13,17,40,S12000036,Unclassified,,One way Street,30,Not at or within 20 metres of junction,unset,\,,Daylight: street lights present,Fine (without high winds),Dry,None,None,No overtaking,323930,673320,0,Unset,Bus,358137,unset,EH125EH,No crossing facility within 50m or physical crossing facility not controlled by authorised person,No physical crossing facility within 50m,At scene,55.9469307334,-3.21818326012,"{""type"": ""Feature"",""geometry"": {""type"": ""Point"",""coordinates"": -3.21818326012, 55.9469307334}}"
342313,,Slight,2,1,26/06/2013,Wednesday,26,June,13,18,10,S12000036,C,,Single carriageway - 2 lanes,30,'T' or staggered junction,Give way sign or markings,Unclassified,,Daylight: street lights present,Fine (without high winds),Dry,None,None,No overtaking,323940,672560,521826,Junction,Cyclist,358138,unset,EH111BP,No crossing facility within 50m or physical crossing facility not controlled by authorised person,No physical crossing facility within 50m,At scene,55.940104629,-3.21780886723,"{""type"": ""Feature"",""geometry"": {""type"": ""Point"",""coordinates"": -3.21780886723, 55.940104629}}"
342513,,Slight,2,1,26/06/2013,Wednesday,26,June,13,8,40,S12000036,Unclassified,,Single carriageway - 2 lanes,30,Multiple junction,Automatic Traffic Signal,Unclassified,,Daylight: street lights present,Fine (without high winds),Dry,None,None,No overtaking,325990,671010,533401,Junction,Cyclist,358139,unset,EH93ER,No crossing facility within 50m or physical crossing facility not controlled by authorised person,Pedestrian phase at traffic signal junction,Elsewhere,55.9264995231,-3.18456899482,"{""type"": ""Feature"",""geometry"": {""type"": ""Point"",""coordinates"": -3.18456899482, 55.9264995231}}"
343513,,Slight,2,1,27/06/2013,Thursday,27,June,13,13,10,S12000036,Unclassified,,Single carriageway - 2 lanes,20,'T' or staggered junction,Give way sign or markings,Unclassified,,Daylight: street lights present,Raining (without high winds),Dry,None,None,No overtaking,323890,672820,0,Unset,T.V.N.P.,358140,unset,EH112DY,No crossing facility within 50m or physical crossing facility not controlled by authorised person,No physical crossing facility within 50m,At scene,55.9424325035,-3.21868257045,"{""type"": ""Feature"",""geometry"": {""type"": ""Point"",""coordinates"": -3.21868257045, 55.9424325035}}"
343813,,Slight,1,1,08/06/2013,Saturday,8,June,13,11,0,S12000036,B,701,Single carriageway - 2 lanes,40,Not at or within 20 metres of junction,unset,\,,Daylight: street lights present,Fine (without high winds),Dry,None,None,No overtaking,319220,673640,551726,Segment,Pedestrian,358141,unset,EH128SZ,No crossing facility within 50m or physical crossing facility not controlled by authorised person,"Pelican, puffin, toucan or similar non-junction pedestrian light crossing",At scene,55.9490369132,-3.2936839556,"{""type"": ""Feature"",""geometry"": {""type"": ""Point"",""coordinates"": -3.2936839556, 55.9490369132}}"
343913,,Slight,2,1,27/06/2013,Thursday,27,June,13,8,30,S12000036,A,7,Single carriageway - 2 lanes,30,Crossroads,Automatic Traffic Signal,A,701,Daylight: street lights present,Fine (without high winds),Dry,None,None,No overtaking,326430,672410,532786,Junction,Cyclist,358142,unset,EH91QR,No crossing facility within 50m or physical crossing facility not controlled by authorised person,"Pelican, puffin, toucan or similar non-junction pedestrian light crossing",At scene,55.939144551,-3.17790981279,"{""type"": ""Feature"",""geometry"": {""type"": ""Point"",""coordinates"": -3.17790981279, 55.939144551}}"
344313,,Slight,2,1,24/06/2013,Monday,24,June,13,16,25,S12000036,A,8,Single carriageway - 2 lanes,30,Other junction,Automatic Traffic Signal,A,8,Daylight: street lights present,Fine (without high winds),Dry,Road works present,Other object in carriageway,No overtaking,324810,673700,520935,Junction,Cyclist,358143,unset,EH24BL,No crossing facility within 50m or physical crossing facility not controlled by authorised person,"Pelican, puffin, toucan or similar non-junction pedestrian light crossing",At scene,55.9504830699,-3.20420043716,"{""type"": ""Feature"",""geometry"": {""type"": ""Point"",""coordinates"": -3.20420043716, 55.9504830699}}"
344513,,Slight,2,1,29/06/2013,Saturday,29,June,13,13,0,S12000036,Unclassified,,Single carriageway - 3 lanes,40,Slip road,Give way sign or markings,Unclassified,,Daylight: street lights present,Fine with high winds,Dry,None,None,No overtaking,317620,672540,9658454,Junction,T.V.N.P.,358144,unset,EH129BS,No crossing facility within 50m or physical crossing facility not controlled by authorised person,No physical crossing facility within 50m,At scene,55.9388835174,-3.31896429838,"{""type"": ""Feature"",""geometry"": {""type"": ""Point"",""coordinates"": -3.31896429838, 55.9388835174}}"
344613,,Slight,2,1,27/06/2013,Thursday,27,June,13,17,0,S12000036,A,71,Dual carriageway - 2 lanes,40,Not at or within 20 metres of junction,unset,\,,Daylight: street lights present,Fine (without high winds),Dry,None,None,No overtaking,319470,670680,549815,Segment,T.V.N.P.,358145,unset,EH114NT,No crossing facility within 50m or physical crossing facility not controlled by authorised person,No physical crossing facility within 50m,At scene,55.9224875177,-3.28879814173,"{""type"": ""Feature"",""geometry"": {""type"": ""Point"",""coordinates"": -3.28879814173, 55.9224875177}}"
345313,,Slight,2,1,30/06/2013,Sunday,30,June,13,16,10,S12000036,B,901,Roundabout,30,Roundabout,Give way sign or markings,A,900,Daylight: street lights present,Raining (without high winds),Dry,None,None,No overtaking,325990,674350,520617,Junction,T.V.N.P.,358146,unset,EH13JT,No crossing facility within 50m or physical crossing facility not controlled by authorised person,"Pelican, puffin, toucan or similar non-junction pedestrian light crossing",At scene,55.9565057821,-3.18548526241,"{""type"": ""Feature"",""geometry"": {""type"": ""Point"",""coordinates"": -3.18548526241, 55.9565057821}}"
345513,,Slight,2,1,27/06/2013,Thursday,27,June,13,8,30,S12000036,Unclassified,,Single carriageway - 2 lanes,30,'T' or staggered junction,Give way sign or markings,Unclassified,,Daylight: street lights present,Fine (without high winds),Dry,None,None,No overtaking,324440,671860,522294,Junction,Cyclist,358147,unset,EH105DN,No crossing facility within 50m or physical crossing facility not controlled by authorised person,Pedestrian phase at traffic signal junction,Elsewhere,55.9338947922,-3.20960930259,"{""type"": ""Feature"",""geometry"": {""type"": ""Point"",""coordinates"": -3.20960930259, 55.9338947922}}"
346013,,Slight,1,1,28/06/2013,Friday,28,June,13,8,45,S12000036,A,8,Dual carriageway - 2 lanes,30,'T' or staggered junction,Automatic Traffic Signal,Unclassified,,Daylight: street lights present,Raining (without high winds),Dry,None,Other object in carriageway,No overtaking,324990,673770,520938,Junction,Cyclist,358148,unset,EH23AA,No crossing facility within 50m or physical crossing facility not controlled by authorised person,Pedestrian phase at traffic signal junction,At scene,55.9511400693,-3.20133784684,"{""type"": ""Feature"",""geometry"": {""type"": ""Point"",""coordinates"": -3.20133784684, 55.9511400693}}"
351613,,Slight,2,3,28/06/2013,Friday,28,June,13,3,0,S12000036,C,,Single carriageway - 2 lanes,30,Not at or within 20 metres of junction,unset,\,,Darkness: street lights present and lit,Fine (without high winds),Dry,None,None,No overtaking,324800,673880,566558,Segment,T.V.N.P.,358149,unset,EH24LH,No crossing facility within 50m or physical crossing facility not controlled by authorised person,No physical crossing facility within 50m,At scene,55.9520985949,-3.20441075639,"{""type"": ""Feature"",""geometry"": {""type"": ""Point"",""coordinates"": -3.20441075639, 55.9520985949}}"
402213,,Serious,1,1,17/06/2013,Monday,17,June,13,8,15,S12000036,A,8,Single carriageway - 2 lanes,30,'T' or staggered junction,Give way sign or markings,C,,Daylight: street lights present,Fine (without high winds),Dry,Road suface defective,Other object in carriageway,No overtaking,321480,672990,521754,Junction,Cyclist,358150,unset,EH125YS,No crossing facility within 50m or physical crossing facility not controlled by authorised person,Pedestrian phase at traffic signal junction,At scene,55.9435721048,-3.25731097722,"{""type"": ""Feature"",""geometry"": {""type"": ""Point"",""coordinates"": -3.25731097722, 55.9435721048}}"